จงหวด,อําเภอ/เขต,ประเดนท ่1 รํางรฐธรรมนูญ,ประเดนท ่2 คําถํามเพ่ิมเตม,,,,,,
,,เหนชอบ,รอยละ,ไมเหนชอบ,รอยละ,เหนชอบ,รอยละ,ไมเหนชอบ,รอยละ
กรุงเทพมหานคร,คลองเตย,"23,475",70.28,"9,928",29.72,"22,171",67.13,"10,858",32.87
คลองสาน,"20,990",72.54,"7,947",27.46,"19,660",68.63,"8,987",31.37,
คลองสามวา,"50,073",68.6,"22,921",31.4,"46,745",65.17,"24,983",34.83,
คันนายาว,"24,863",67.59,"11,923",32.41,"23,380",64.36,"12,948",35.64,
จตุจกร,"47,170",69.12,"21,075",30.88,"44,166",65.27,"23,505",34.73,
จอมทอง,"39,560",70.55,"16,517",29.45,"36,933",66.8,"18,356",33.2,
ดอนเมอง,"45,301",66.12,"23,209",33.88,"42,019",62.33,"25,395",37.67,
ดินแดง,"33,079",66.93,"16,342",33.07,"31,136",63.62,"17,808",36.38,
ดุสิต,"25,371",68.05,"11,914",31.95,"23,588",64.16,"13,177",35.84,
ตล่ิงชน,"31,166",69.25,"13,842",30.75,"29,090",65.43,"15,369",34.57,
ทววีฒันา,"25,184",69.78,"10,904",30.22,"23,547",66.06,"12,097",33.94,
ทง่ครุ,"32,161",71.63,"12,738",28.37,"29,681",67.7,"14,163",32.3,
ธนบรี,"29,475",70.93,"12,080",29.07,"27,708",67.34,"13,439",32.66,
บางกอกนอย,"30,484",69.75,"13,220",30.25,"28,197",66.4,"14,269",33.6,
บางกอกใหญ,"19,165",69.3,"8,489",30.7,"18,029",65.85,"9,349",34.15,
บางกะป,"40,853",70.77,"16,871",29.23,"38,544",67.29,"18,738",32.71,
บางขนเทยน,"44,598",68.44,"20,564",31.56,"41,547",64.73,"22,640",35.27,
บางเขน,"55,466",67.95,"26,162",32.05,"51,974",64.46,"28,661",35.54,
บางคอแหลม,"25,059",74.85,"8,418",25.15,"23,394",71.12,"9,502",28.88,
บางแค,"53,743",70.03,"22,998",29.97,"50,364",66.37,"25,522",33.63,
บางซ่ือ,"33,688",66.85,"16,702",33.15,"31,455",63.05,"18,433",36.95,
บางนา,"25,550",71.53,"10,169",28.47,"23,968",67.84,"11,362",32.16,
บางบอน,"27,586",68.98,"12,406",31.02,"25,836",65.44,"13,647",34.56,
บางพลัด,"27,472",68.55,"12,601",31.45,"25,726",64.93,"13,894",35.07,
บางรัก,"13,114",75.99,"4,143",24.01,"12,459",72.52,"4,720",27.48,
บงกม,"41,654",68.98,"18,728",31.02,"39,118",65.48,"20,618",34.52,
ปทมวนั,"12,563",71.07,"5,113",28.93,"11,742",66.91,"5,806",33.09,
ประเวศ,"43,642",70.22,"18,504",29.78,"41,044",66.59,"20,589",33.41,
ปอมปราบศัตรูพาย,"13,661",74.52,"4,671",25.48,"13,020",70.98,"5,323",29.02,
พญาไท,"23,324",70.81,"9,617",29.19,"21,797",66.93,"10,771",33.07,
พระโขนง,"26,209",71.22,"10,592",28.78,"24,435",67.66,"11,682",32.34,
พระนคร,"15,244",70.83,"6,279",29.17,"14,312",67.14,"7,006",32.86,
ภาษเจริญ,"34,689",69,"15,586",31,"32,547",65.5,"17,142",34.5,
มนบรี,"36,835",69.41,"16,230",30.59,"34,565",66.23,"17,628",33.77,
ยานนาวา,"23,099",75.03,"7,687",24.97,"21,670",71.13,"8,797",28.87,
ราชเทว,"17,157",70.52,"7,172",29.48,"16,070",66.66,"8,039",33.34,
ราษฎร์บรณะ,"21,545",70.08,"9,197",29.92,"20,137",66.41,"10,185",33.59,
ลาดกระบง,"40,691",65.11,"21,805",34.89,"37,836",61.65,"23,539",38.35,
จงหวด,อําเภอ/เขต,ประเดนท ่1 รํางรฐธรรมนูญ,ประเดนท ่2 คําถํามเพ่ิมเตม,,,,,,
,,เหนชอบ,รอยละ,ไมเหนชอบ,รอยละ,เหนชอบ,รอยละ,ไมเหนชอบ,รอยละ
,ลาดพร้าว,"35,897",68.5,"16,505",31.5,"33,573",64.78,"18,251",35.22
,วงัทองหลาง,"30,710",69.24,"13,640",30.76,"28,924",65.75,"15,068",34.25
,วฒันา,"20,010",76.08,"6,290",23.92,"18,781",72.04,"7,291",27.96
,สวนหลวง,"34,279",73.65,"12,266",26.35,"32,416",70.32,"13,682",29.68
,สะพานสูง,"28,576",71.69,"11,283",28.31,"26,924",68.31,"12,493",31.69
,สัมพนธวงศ์,"8,282",77.08,"2,462",22.92,"7,753",72.7,"2,912",27.3
,สาทร,"24,049",75.25,"7,908",24.75,"22,763",72.14,"8,789",27.86
,สายไหม,"48,329",63.62,"27,631",36.38,"44,833",59.81,"30,124",40.19
,หนองแขม,"40,249",67.22,"19,625",32.78,"37,261",63.34,"21,562",36.66
,หนองจอก,"40,306",68.21,"18,789",31.79,"37,628",65.23,"20,053",34.77
,หลักส่ี,"31,230",66.03,"16,070",33.97,"29,354",62.76,"17,416",37.24
,หวยขวาง,"21,996",68.85,"9,952",31.15,"20,590",65.29,"10,945",34.71
,นอกเขตจงหวดั กรุงเทพมหานคร,"46,661",62.91,"27,510",37.09,"42,313",57.57,"31,191",42.43
กรงเทพมหํานคร ผลรวม,"1,585,533",69.22,"705,195",30.78,"1,482,723",65.57,"778,724",34.43,
กระบ,เกาะลันตา,"10,479",74.94,"3,505",25.06,"9,669",71.38,"3,877",28.62
,เขาพนม,"20,427",89.22,"2,469",10.78,"19,321",86.39,"3,044",13.61
,คลองทอม,"25,452",80.67,"6,099",19.33,"23,537",77.29,"6,915",22.71
,ปลายพระยา,"15,413",90.53,"1,613",9.47,"14,645",88.3,"1,941",11.7
,เมองกระบ,"38,029",84.22,"7,127",15.78,"36,133",81.49,"8,208",18.51
,ลาทบ,"9,919",89.68,"1,142",10.32,"9,295",86.2,"1,488",13.8
,เหนอคลอง,"22,142",81.04,"5,180",18.96,"20,763",78.61,"5,651",21.39
,อาวลึก,"19,088",84.39,"3,530",15.61,"17,844",81.8,"3,970",18.2
,นอกเขตจงหวดั กระบ,571,82.4,122,17.6,518,77.89,147,22.11
กระบ ่ผลรวม,"161,520",83.99,"30,787",16.01,"151,725",81.15,"35,241",18.85,
กาญจนบรี,ด่านมะขามเต้ีย,"8,904",68.75,"4,047",31.25,"7,969",64.88,"4,314",35.12
,ทองผาภม,"10,199",70.2,"4,330",29.8,"8,984",66.1,"4,607",33.9
,ทามวง,"33,420",70.44,"14,025",29.56,"30,145",66.38,"15,266",33.62
,ทามะกา,"39,967",68.98,"17,971",31.02,"35,997",65.85,"18,668",34.15
,ไทรโยค,"13,236",70.7,"5,486",29.3,"11,896",66.62,"5,961",33.38
,บอพลอย,"14,929",68.12,"6,987",31.88,"13,345",64.41,"7,374",35.59
,พนมทวน,"15,481",63.19,"9,018",36.81,"13,656",58.95,"9,508",41.05
,เมองกาญจนบรี,"48,946",73.67,"17,492",26.33,"44,786",69.85,"19,330",30.15
,เลาขวญั,"12,843",55.82,"10,164",44.18,"11,105",52.24,"10,151",47.76
,ศรีสวสัด์ิ,"7,045",73.7,"2,514",26.3,"6,403",70.53,"2,675",29.47
,สังขละบรี,"5,007",72.19,"1,929",27.81,"4,491",68.6,"2,056",31.4
,หนองปรือ,"7,214",64.27,"4,011",35.73,"6,357",60.75,"4,108",39.25
,หวยกระเจา,"8,801",64.12,"4,924",35.88,"7,591",59.27,"5,216",40.73
,นอกเขตจงหวดั กาญจนบรี,833,68.11,390,31.89,771,63.2,449,36.8
กําญจนบร ผลรวม,"226,825",68.71,"103,288",31.29,"203,496",64.98,"109,683",35.02,
กาฬสินธ,กมลาไสย,"9,767",32.38,"20,397",67.62,"8,263",29.11,"20,120",70.89
กฉนารายณ์,"18,440",44.87,"22,656",55.13,"15,365",40.43,"22,639",59.57,
จงหวด,อําเภอ/เขต,ประเดนท ่1 รํางรฐธรรมนูญ,ประเดนท ่2 คําถํามเพ่ิมเตม,,,,,,
,เหนชอบ,รอยละ,ไมเหนชอบ,รอยละ,เหนชอบ,รอยละ,ไมเหนชอบ,รอยละ,
,เขาวง,"6,563",42.8,"8,770",57.2,"5,460",38.23,"8,823",61.77
,คามวง,"9,798",48.29,"10,494",51.71,"7,885",41.52,"11,105",58.48
,ฆองชย,"3,592",30.94,"8,017",69.06,"2,981",27.24,"7,963",72.76
,ดอนจาน,"4,965",46.22,"5,776",53.78,"4,029",41.06,"5,783",58.94
,ทาคันโท,"6,941",47,"7,826",53,"5,843",43.6,"7,557",56.4
,นาคู,"5,549",41.51,"7,820",58.49,"4,671",37.72,"7,712",62.28
,นามน,"5,630",42.08,"7,750",57.92,"5,063",39.86,"7,640",60.14
,เมองกาฬสินธ,"29,677",48.52,"31,483",51.48,"25,320",44.62,"31,430",55.38
,ยางตลาด,"20,715",40.85,"29,996",59.15,"17,670",37.51,"29,432",62.49
,ร่องคา,"2,314",33.67,"4,558",66.33,"1,958",30.38,"4,488",69.62
,สมเด็จ,"13,025",52.36,"11,852",47.64,"10,877",47.56,"11,993",52.44
,สหสขนธ,"8,103",48.73,"8,525",51.27,"6,857",43.61,"8,867",56.39
,สามชย,"5,685",50.69,"5,531",49.31,"4,773",45.14,"5,801",54.86
,หนองกงศรี,"14,748",56.33,"11,432",43.67,"12,531",51.63,"11,742",48.37
,หวยผ้ึง,"4,810",42.51,"6,504",57.49,"4,079",39.01,"6,377",60.99
,หวยเมก,"9,888",47.8,"10,800",52.2,"8,205",43.02,"10,866",56.98
,นอกเขตจงหวดั กาฬสินธ,255,66.23,130,33.77,217,57.11,163,42.89
กําฬสนธ ผลรวม,"180,465",45.03,"220,317",54.97,"152,047",40.81,"220,501",59.19,
กาแพงเพชร,โกสัมพนคร,"9,232",78.93,"2,464",21.07,"8,316",75.94,"2,635",24.06
,ขาณุวรลักษบรี,"31,469",72.24,"12,092",27.76,"28,397",68.98,"12,768",31.02
,คลองขลุง,"19,183",65.18,"10,249",34.82,"17,083",60.99,"10,928",39.01
,คลองลาน,"16,332",69.84,"7,052",30.16,"14,280",66.59,"7,164",33.41
,ทรายทองวฒันา,"5,342",57.47,"3,953",42.53,"4,638",53.54,"4,025",46.46
,ไทรงาม,"12,714",61.66,"7,907",38.34,"11,200",58,"8,110",42
,บงสามคคี,"6,363",57.88,"4,630",42.12,"5,501",53.21,"4,838",46.79
,ปางศิลาทอง,"8,166",69.53,"3,578",30.47,"7,126",64.95,"3,846",35.05
,พรานกระต่าย,"26,483",79.85,"6,683",20.15,"23,555",75.48,"7,651",24.52
,เมองกาแพงเพชร,"68,199",75.65,"21,949",24.35,"61,606",72.58,"23,278",27.42
,ลานกระบอ,"13,675",74.89,"4,584",25.11,"12,008",70.87,"4,935",29.13
,นอกเขตจงหวดั กาแพงเพชร,768,78.29,213,21.71,690,70.62,287,29.38
กําแพงเพชร ผลรวม,"217,926",71.86,"85,354",28.14,"194,400",68.24,"90,465",31.76,
ขอนแกน,กระนวน,"13,454",43.79,"17,272",56.21,"11,464",39.97,"17,216",60.03
เขาสวนกวาง,"6,333",41.89,"8,785",58.11,"5,323",38.41,"8,537",61.59,
โคกโพธไชย,"3,304",33.35,"6,604",66.65,"2,804",30.47,"6,399",69.53,
ชนบท,"7,756",42.58,"10,460",57.42,"6,740",39.76,"10,211",60.24,
ชมแพ,"23,392",47.15,"26,220",52.85,"20,326",44.76,"25,087",55.24,
ซาสูง,"4,693",43.47,"6,103",56.53,"3,968",39.37,"6,112",60.63,
นาพอง,"20,789",39.63,"31,674",60.37,"18,034",36.63,"31,202",63.37,
โนนศิลา,"4,241",40.73,"6,172",59.27,"3,623",37.38,"6,069",62.62,
บานไผ่,"18,157",46.57,"20,834",53.43,"15,853",43.4,"20,671",56.6,
บานฝาง,"11,012",43.37,"14,381",56.63,"9,478",39.72,"14,383",60.28,
จงหวด,อําเภอ/เขต,ประเดนท ่1 รํางรฐธรรมนูญ,ประเดนท ่2 คําถํามเพ่ิมเตม,,,,,,
,เหนชอบ,รอยละ,ไมเหนชอบ,รอยละ,เหนชอบ,รอยละ,ไมเหนชอบ,รอยละ,
,บานแฮด,"5,374",38.68,"8,519",61.32,"4,598",35.56,"8,332",64.44
,เปอยนอย,"2,658",36.74,"4,577",63.26,"2,240",33.92,"4,363",66.08
,พระยน,"5,898",40.32,"8,731",59.68,"5,239",38.41,"8,400",61.59
,พล,"13,676",42.35,"18,613",57.65,"11,981",39.6,"18,277",60.4
,ภผามาน,"3,983",43.3,"5,216",56.7,"3,345",39.58,"5,107",60.42
,ภเวยีง,"12,183",42.53,"16,461",57.47,"10,300",38.47,"16,477",61.53
,มญจาคีรี,"12,951",45.31,"15,630",54.69,"11,344",41.98,"15,681",58.02
,เมองขอนแกน,"100,060",53.41,"87,299",46.59,"90,252",50.1,"89,882",49.9
,เวยีงเกา,"3,372",42.97,"4,476",57.03,"2,842",39.46,"4,360",60.54
,แวงนอย,"5,524",35.18,"10,176",64.82,"4,661",31.55,"10,113",68.45
,แวงใหญ,"3,834",35.38,"7,002",64.62,"3,324",32.61,"6,869",67.39
,สีชมพ,"10,271",38.48,"16,421",61.52,"8,824",35.71,"15,885",64.29
,หนองนาคา,"3,888",42.7,"5,217",57.3,"3,375",39.31,"5,210",60.69
,หนองเรือ,"15,743",41.12,"22,540",58.88,"13,393",37.61,"22,215",62.39
,หนองสองหอง,"11,456",39.53,"17,528",60.47,"9,956",36.42,"17,382",63.58
,อบลรัตน,"7,761",41.67,"10,863",58.33,"6,536",37.94,"10,689",62.06
,นอกเขตจงหวดั ขอนแกน,"2,044",54.9,"1,679",45.1,"1,834",49.35,"1,882",50.65
ขอนแก่น ผลรวม,"333,807",44.91,"409,453",55.09,"291,657",41.74,"407,011",58.26,
จนทบรี,แกงหางแมว,"12,011",73.29,"4,377",26.71,"10,789",69.38,"4,762",30.62
,ขลุง,"21,105",81.69,"4,730",18.31,"19,430",78.45,"5,336",21.55
,เขาคิชฌกฏ,"9,652",74.67,"3,275",25.33,"8,862",72,"3,446",28
,ทาใหม,"24,560",75.93,"7,786",24.07,"22,466",72.63,"8,465",27.37
,นายายอาม,"11,926",78.83,"3,203",21.17,"10,745",75.29,"3,527",24.71
,โปงนาร้อน,"11,614",62.21,"7,054",37.79,"10,284",58,"7,446",42
,มะขาม,"12,349",75.65,"3,974",24.35,"11,403",73.27,"4,161",26.73
,เมองจนทบรี,"42,521",75.71,"13,640",24.29,"39,568",72.55,"14,970",27.45
,สอยดาว,"16,244",65.71,"8,478",34.29,"14,622",62.09,"8,927",37.91
,แหลมสิงห,"12,521",83.74,"2,431",16.26,"11,622",80.64,"2,791",19.36
,นอกเขตจงหวดั จนทบรี,"1,526",73.97,537,26.03,"1,380",67.61,661,32.39
จนทบร ผลรวม,"176,029",74.74,"59,485",25.26,"161,171",71.42,"64,492",28.58,
ฉะเชงเทรา,คลองเขอน,"4,270",72.1,"1,652",27.9,"3,758",68.63,"1,718",31.37
ทาตะเกยบ,"10,909",63.54,"6,259",36.46,"9,548",61.01,"6,102",38.99,
บางคล้า,"15,548",75.31,"5,097",24.69,"14,130",72.23,"5,432",27.77,
บางนาเปร้ียว,"22,521",63.44,"12,977",36.56,"20,612",60.73,"13,329",39.27,
บางปะกง,"26,458",71.52,"10,537",28.48,"24,464",68.3,"11,354",31.7,
บานโพธ,"17,694",74.46,"6,068",25.54,"16,212",71.67,"6,409",28.33,
แปลงยาว,"13,308",71.48,"5,310",28.52,"12,074",67.77,"5,742",32.23,
พนมสารคาม,"22,623",67.33,"10,979",32.67,"20,778",64.66,"11,355",35.34,
เมองฉะเชงเทรา,"48,392",70.98,"19,782",29.02,"44,731",68.05,"20,999",31.95,
ราชสาส์น,"3,517",59.65,"2,379",40.35,"3,185",57.15,"2,388",42.85,
สนามชยเขต,"16,159",60.96,"10,348",39.04,"13,991",57.96,"10,148",42.04,
จงหวด,อําเภอ/เขต,ประเดนท ่1 รํางรฐธรรมนูญ,ประเดนท ่2 คําถํามเพ่ิมเตม,,,,,,
,,เหนชอบ,รอยละ,ไมเหนชอบ,รอยละ,เหนชอบ,รอยละ,ไมเหนชอบ,รอยละ
,นอกเขตจงหวดั ฉะเชงเทรา,"2,737",69.03,"1,228",30.97,"2,439",62.47,"1,465",37.53
ฉะเชงเทรํา ผลรวม,"204,136",68.79,"92,616",31.21,"185,922",65.85,"96,441",34.15,
ชลบรี,เกาะจนทร์,"12,036",80.62,"2,893",19.38,"11,222",78.58,"3,059",21.42
,เกาะสีชง,"1,087",71.99,423,28.01,997,69.48,438,30.52
,บอทอง,"15,078",82.7,"3,154",17.3,"13,558",79.79,"3,435",20.21
,บางละมง,"62,566",70.35,"26,372",29.65,"58,468",67.59,"28,041",32.41
,บานบง,"34,570",81.07,"8,074",18.93,"32,259",78.42,"8,878",21.58
,พนสนคม,"43,733",79.68,"11,150",20.32,"40,591",77.09,"12,060",22.91
,พานทอง,"22,197",79.55,"5,707",20.45,"20,681",76.82,"6,239",23.18
,เมองชลบรี,"105,065",78.75,"28,357",21.25,"98,995",75.76,"31,669",24.24
,ศรีราชา,"77,483",75.36,"25,330",24.64,"72,623",72.35,"27,761",27.65
,สัตหบ,"40,476",72.98,"14,987",27.02,"37,982",69.59,"16,599",30.41
,หนองใหญ,"6,650",78.22,"1,852",21.78,"6,076",75.24,"1,999",24.76
,นอกเขตจงหวดั ชลบรี,"9,420",68.88,"4,255",31.12,"8,505",62.8,"5,037",37.2
ชลบร ผลรวม,"430,361",76.45,"132,554",23.55,"401,957",73.46,"145,215",26.54,
ชยนาท,เนนขาม,"4,705",60.95,"3,015",39.05,"3,935",56.68,"3,008",43.32
,มโนรมย,"10,263",68.29,"4,765",31.71,"9,072",64.26,"5,045",35.74
,เมองชยนาท,"21,580",68.56,"9,897",31.44,"19,460",65.48,"10,260",34.52
,วดัสิงห,"7,357",63.35,"4,257",36.65,"6,442",59.37,"4,408",40.63
,สรรคบรี,"14,798",54.55,"12,331",45.45,"13,058",51.48,"12,307",48.52
,สรรพยา,"12,658",64.8,"6,875",35.2,"11,254",61.39,"7,077",38.61
,หนองมะโมง,"6,085",70.31,"2,570",29.69,"5,417",66.84,"2,687",33.16
,หนคา,"16,189",64.54,"8,893",35.46,"14,050",60.6,"9,134",39.4
,นอกเขตจงหวดั ชยนาท,332,71.09,135,28.91,311,67.17,152,32.83
ชยนําท ผลรวม,"93,967",64.05,"52,738",35.95,"82,999",60.55,"54,078",39.45,
ชยภม,เกษตรสมบรณ์,"18,676",44.51,"23,285",55.49,"15,978",41.43,"22,586",58.57
แกงคร้อ,"14,697",42.11,"20,201",57.89,"12,541",39.05,"19,574",60.95,
คอนสวรรค์,"8,998",38.27,"14,514",61.73,"7,773",35.08,"14,385",64.92,
คอนสาร,"12,951",52.48,"11,725",47.52,"11,211",49.54,"11,420",50.46,
จตุรัส,"14,149",46.9,"16,017",53.1,"12,287",43.6,"15,895",56.4,
ซับใหญ,"2,970",48.99,"3,092",51.01,"2,661",46.13,"3,107",53.87,
เทพสถต,"12,959",52.46,"11,745",47.54,"10,971",47.67,"12,043",52.33,
เนนสง่า,"4,847",47.19,"5,425",52.81,"4,187",44.23,"5,279",55.77,
บานเขวา้,"8,240",38.69,"13,057",61.31,"7,049",35.45,"12,833",64.55,
บานแทน,"7,291",40.07,"10,905",59.93,"6,366",37.62,"10,558",62.38,
บาเหนจณรงค์,"12,266",55.68,"9,764",44.32,"10,525",50.83,"10,182",49.17,
ภกดีชมพล,"6,081",51.03,"5,836",48.97,"5,105",46.35,"5,909",53.65,
ภเขยว,"22,778",46.16,"26,568",53.84,"19,549",42.88,"26,041",57.12,
เมองชยภม,"35,021",45.83,"41,395",54.17,"30,325",42.89,"40,386",57.11,
หนองบวแดง,"15,519",41.95,"21,479",58.05,"12,967",38.26,"20,921",61.74,
หนองบวระเหว,"6,047",43.49,"7,856",56.51,"4,990",40.35,"7,376",59.65,
จงหวด,อําเภอ/เขต,ประเดนท ่1 รํางรฐธรรมนูญ,ประเดนท ่2 คําถํามเพ่ิมเตม,,,,,,
,,เหนชอบ,รอยละ,ไมเหนชอบ,รอยละ,เหนชอบ,รอยละ,ไมเหนชอบ,รอยละ
,นอกเขตจงหวดั ชยภม,565,66.86,280,33.14,509,60.6,331,39.4
ชยภม ผลรวม,"204,055",45.63,"243,144",54.37,"174,994",42.29,"238,826",57.71,
ชมพร,ทาแซะ,"36,747",90,"4,085",10,"34,463",87.32,"5,004",12.68
,ทง่ตะโก,"9,781",89.43,"1,156",10.57,"9,305",87.3,"1,354",12.7
,ปะทว,"20,304",89.6,"2,356",10.4,"19,225",87.22,"2,818",12.78
,พะโต๊ะ,"9,798",88.71,"1,247",11.29,"9,237",85.93,"1,513",14.07
,เมองชมพร,"59,305",90.94,"5,909",9.06,"56,078",88.6,"7,214",11.4
,ละแม,"11,818",89.88,"1,330",10.12,"11,129",86.64,"1,716",13.36
,สว,"31,305",90.57,"3,260",9.43,"29,489",87.8,"4,096",12.2
,หลังสวน,"28,288",88.91,"3,528",11.09,"26,697",86.62,"4,123",13.38
,นอกเขตจงหวดั ชมพร,722,84.44,133,15.56,670,78.36,185,21.64
ชมพร ผลรวม,"208,068",90.04,"23,004",9.96,"196,293",87.51,"28,023",12.49,
เชยงราย,ขนตาล,"6,067",40.49,"8,917",59.51,"5,075",36.76,"8,730",63.24
,เชยงของ,"9,865",35.71,"17,757",64.29,"8,130",31.65,"17,558",68.35
,เชยงแสน,"10,294",46.1,"12,037",53.9,"8,505",41.28,"12,098",58.72
,ดอยหลวง,"3,582",40.46,"5,272",59.54,"2,957",37.03,"5,028",62.97
,เทง,"15,402",37.75,"25,399",62.25,"13,039",34.3,"24,975",65.7
,ปาแดด,"4,787",35.18,"8,822",64.82,"3,963",30.88,"8,869",69.12
,พญาเมงราย,"8,308",42.41,"11,284",57.59,"6,891",38.11,"11,191",61.89
,พาน,"26,905",43.1,"35,526",56.9,"22,393",39.06,"34,938",60.94
,เมองเชยงราย,"54,702",50.04,"54,620",49.96,"47,047",45.91,"55,436",54.09
,แมจน,"20,250",44.06,"25,709",55.94,"17,047",40.39,"25,159",59.61
,แมฟาหลวง,"8,813",53.98,"7,513",46.02,"7,608",50.54,"7,446",49.46
,แมลาว,"7,529",44.2,"9,504",55.8,"6,284",40.29,"9,311",59.71
,แมสรวย,"17,204",49.33,"17,673",50.67,"14,662",45.38,"17,650",54.62
,แมสาย,"16,449",49.31,"16,911",50.69,"14,140",45.29,"17,079",54.71
,เวยีงแกน,"4,893",40.22,"7,274",59.78,"4,004",35.84,"7,168",64.16
,เวยีงชย,"9,215",37.27,"15,513",62.73,"7,844",33.68,"15,443",66.32
,เวยีงเชยงรุ้ง,"5,200",37.77,"8,566",62.23,"4,355",34.44,"8,289",65.56
,เวยีงปาเปา,"17,671",53.68,"15,250",46.32,"15,140",50.14,"15,054",49.86
,นอกเขตจงหวดั เชยงราย,"2,548",64.07,"1,429",35.93,"2,249",57.77,"1,644",42.23
เชยงรําย ผลรวม,"249,684",45.02,"304,976",54.98,"211,333",41.08,"303,066",58.92,
เชยงใหม,กลยาณิวฒันา,"2,769",45.94,"3,259",54.06,"2,393",43.41,"3,120",56.59
จอมทอง,"17,295",45.39,"20,804",54.61,"14,660",41.34,"20,804",58.66,
เชยงดาว,"17,506",54.91,"14,375",45.09,"15,069",51.01,"14,472",48.99,
ไชยปราการ,"8,695",47.98,"9,428",52.02,"7,472",44.86,"9,183",55.14,
ดอยเต่า,"5,767",41.65,"8,080",58.35,"4,819",38.54,"7,684",61.46,
ดอยสะเกด,"18,212",44.71,"22,525",55.29,"15,821",41.12,"22,657",58.88,
ดอยหล่อ,"5,294",33.72,"10,408",66.28,"4,503",31.19,"9,933",68.81,
ฝาง,"24,307",53.1,"21,467",46.9,"21,153",49.52,"21,562",50.48,
พร้าว,"12,377",46.97,"13,975",53.03,"10,473",43.92,"13,374",56.08,
จงหวด,อําเภอ/เขต,ประเดนท ่1 รํางรฐธรรมนูญ,ประเดนท ่2 คําถํามเพ่ิมเตม,,,,,,
,,เหนชอบ,รอยละ,ไมเหนชอบ,รอยละ,เหนชอบ,รอยละ,ไมเหนชอบ,รอยละ
,เมองเชยงใหม,"55,736",49.57,"56,702",50.43,"50,905",46.25,"59,150",53.75
,แมแจม,"12,973",46.27,"15,066",53.73,"10,694",42.31,"14,579",57.69
,แมแตง,"19,130",50.8,"18,528",49.2,"16,518",47.39,"18,336",52.61
,แมริม,"20,760",46.53,"23,859",53.47,"18,347",43.24,"24,086",56.76
,แมวาง,"8,304",46.69,"9,482",53.31,"7,073",43.46,"9,202",56.54
,แมออน,"4,866",39.39,"7,488",60.61,"4,062",35.88,"7,259",64.12
,แมอาย,"14,035",48.24,"15,062",51.76,"12,261",45.6,"14,629",54.4
,เวยีงแหง,"4,252",56.08,"3,330",43.92,"3,582",50.72,"3,480",49.28
,สะเมง,"6,984",57.36,"5,191",42.64,"5,942",53.06,"5,256",46.94
,สันกาแพง,"17,917",37.1,"30,375",62.9,"15,639",34.04,"30,300",65.96
,สันทราย,"34,157",48.79,"35,850",51.21,"30,726",45.57,"36,704",54.43
,สันปาตอง,"16,567",36.52,"28,792",63.48,"14,338",33.9,"27,956",66.1
,สารภ,"20,800",44.45,"25,993",55.55,"18,343",41.54,"25,810",58.46
,หางดง,"17,951",37.45,"29,984",62.55,"15,783",34.57,"29,869",65.43
,อมกอย,"10,028",45.04,"12,239",54.96,"8,384",41.02,"12,057",58.98
,ฮอด,"8,635",40.43,"12,725",59.57,"7,325",37.71,"12,100",62.29
,นอกเขตจงหวดั เชยงใหม,"4,729",51.73,"4,412",48.27,"4,292",47.09,"4,822",52.91
เชยงใหม ผลรวม,"390,046",45.92,"459,399",54.08,"340,577",42.63,"458,384",57.37,
ตรัง,กนตัง,"32,031",84.27,"5,981",15.73,"30,039",81.73,"6,713",18.27
,นาโยง,"18,576",85.71,"3,097",14.29,"16,999",83.03,"3,475",16.97
,ปะเหลียน,"25,087",85.47,"4,265",14.53,"23,237",82.3,"4,997",17.7
,เมองตรัง,"63,247",88.27,"8,408",11.73,"59,517",85.88,"9,784",14.12
,ยานตาขาว,"24,444",85.64,"4,100",14.36,"22,764",82.94,"4,683",17.06
,รัษฎา,"11,817",87.95,"1,619",12.05,"11,067",85.21,"1,921",14.79
,วงัวเิศษ,"17,316",86.46,"2,711",13.54,"16,205",83.75,"3,145",16.25
,สิเกา,"14,801",83.92,"2,837",16.08,"13,759",81.2,"3,186",18.8
,หวยยอด,"37,133",86.41,"5,841",13.59,"34,656",83.69,"6,755",16.31
,หาดสาราญ,"5,641",82.29,"1,214",17.71,"5,198",80.27,"1,278",19.73
,นอกเขตจงหวดั ตรัง,551,85.03,97,14.97,508,78.03,143,21.97
ตรง ผลรวม,"250,644",86.19,"40,170",13.81,"233,949",83.54,"46,080",16.46,
ตราด,เกาะกด,794,78.85,213,21.15,744,74.77,251,25.23
,เกาะชาง,"2,003",73.61,718,26.39,"1,834",69.1,820,30.9
,เขาสมง,"15,853",82.71,"3,313",17.29,"14,491",78.89,"3,878",21.11
,คลองใหญ,"5,985",77.39,"1,749",22.61,"5,422",73.6,"1,945",26.4
,บอไร่,"8,832",74.07,"3,092",25.93,"7,866",70.19,"3,341",29.81
,เมองตราด,"31,373",80.4,"7,647",19.6,"28,886",76.91,"8,670",23.09
,แหลมงอบ,"6,620",79.61,"1,696",20.39,"6,100",76.58,"1,866",23.42
,นอกเขตจงหวดั ตราด,"1,009",73.6,362,26.4,902,66.32,458,33.68
ตรําด ผลรวม,"72,469",79.41,"18,790",20.59,"66,245",75.73,"21,229",24.27,
ตาก,ทาสองยาง,"12,535",60.42,"8,213",39.58,"10,354",57.6,"7,623",42.4
บานตาก,"14,506",73.58,"5,209",26.42,"12,947",69.97,"5,556",30.03,
จงหวด,อําเภอ/เขต,ประเดนท ่1 รํางรฐธรรมนูญ,ประเดนท ่2 คําถํามเพ่ิมเตม,,,,,,
,เหนชอบ,รอยละ,ไมเหนชอบ,รอยละ,เหนชอบ,รอยละ,ไมเหนชอบ,รอยละ,
,พบพระ,"14,712",70.76,"6,078",29.24,"12,729",67.11,"6,238",32.89
,เมองตาก,"37,762",76.94,"11,320",23.06,"34,255",73.42,"12,404",26.58
,แมระมาด,"15,529",70.59,"6,470",29.41,"13,329",66.96,"6,576",33.04
,แมสอด,"38,257",75.37,"12,499",24.63,"34,363",72.18,"13,246",27.82
,วงัเจา,"9,094",74.19,"3,164",25.81,"7,984",70.1,"3,406",29.9
,สามเงา,"9,776",74.21,"3,398",25.79,"8,757",71.26,"3,532",28.74
,อมผาง,"6,716",65.98,"3,463",34.02,"5,763",62.56,"3,449",37.44
,นอกเขตจงหวดั ตาก,"1,787",76.04,563,23.96,"1,604",69.56,702,30.44
ตําก ผลรวม,"160,674",72.69,"60,377",27.31,"142,085",69.37,"62,732",30.63,
นครนายก,บานนา,"20,621",71,"8,422",29,"18,488",67.7,"8,822",32.3
,ปากพลี,"7,515",69.7,"3,267",30.3,"6,723",66.47,"3,391",33.53
,เมองนครนายก,"31,610",73.43,"11,436",26.57,"28,687",70.39,"12,070",29.61
,องครักษ,"16,328",65.8,"8,488",34.2,"14,503",62.49,"8,704",37.51
,นอกเขตจงหวดั นครนายก,492,68.52,226,31.48,434,60.45,284,39.55
นครนํายก ผลรวม,"76,566",70.63,"31,839",29.37,"68,835",67.42,"33,271",32.58,
นครปฐม,กาแพงแสน,"35,419",62.37,"21,365",37.63,"31,977",59.14,"22,092",40.86
,ดอนตูม,"14,769",66.24,"7,527",33.76,"13,367",63.5,"7,682",36.5
,นครชยศรี,"35,811",70.39,"15,062",29.61,"32,755",67.24,"15,955",32.76
,บางเลน,"22,068",54.74,"18,248",45.26,"19,806",51.5,"18,654",48.5
,พทธมณฑล,"10,889",65.63,"5,703",34.37,"9,934",61.66,"6,178",38.34
,เมองนครปฐม,"91,729",75.33,"30,048",24.67,"84,554",72.23,"32,506",27.77
,สามพราน,"59,127",70.14,"25,167",29.86,"54,600",66.67,"27,302",33.33
,นอกเขตจงหวดั นครปฐม,"1,582",63.79,898,36.21,"1,407",57.48,"1,041",42.52
นครปฐม ผลรวม,"271,394",68.64,"124,018",31.36,"248,400",65.4,"131,410",34.6,
นครพนม,ทาอเทน,"10,923",46.7,"12,465",53.3,"9,076",42.06,"12,504",57.94
,ธาตุพนม,"15,452",46.31,"17,916",53.69,"13,347",42.22,"18,265",57.78
,นาแก,"15,637",46.98,"17,645",53.02,"13,016",41.22,"18,563",58.78
,นาทม,"4,132",45.18,"5,014",54.82,"3,352",39.9,"5,048",60.1
,นาหวา้,"12,509",58.61,"8,832",41.39,"9,664",48.45,"10,282",51.55
,บานแพง,"6,786",47.38,"7,537",52.62,"5,717",42.44,"7,753",57.56
,ปลาปาก,"9,620",44.9,"11,807",55.1,"7,819",39.15,"12,152",60.85
,โพนสวรรค์,"13,751",54.28,"11,581",45.72,"10,137",47.91,"11,023",52.09
,เมองนครพนม,"25,940",44.89,"31,843",55.11,"22,216",41.31,"31,565",58.69
,เรณูนคร,"7,095",36.08,"12,569",63.92,"5,991",32.46,"12,468",67.54
,วงัยาง,"3,166",48.39,"3,377",51.61,"2,616",44.39,"3,277",55.61
,ศรีสงคราม,"13,901",48.16,"14,963",51.84,"11,464",42.21,"15,695",57.79
,นอกเขตจงหวดั นครพนม,585,67.55,281,32.45,505,58.79,354,41.21
นครพนม ผลรวม,"139,497",47.23,"155,830",52.77,"114,920",41.96,"158,949",58.04,
นครราชสีมา,แกงสนามนาง,"7,410",50.92,"7,141",49.08,"6,242",47.3,"6,955",52.7
ขามทะเลสอ,"10,142",66.44,"5,122",33.56,"8,950",62.33,"5,409",37.67,
ขามสะแกแสง,"11,347",65.24,"6,047",34.76,"9,701",61.93,"5,964",38.07,
จงหวด,อําเภอ/เขต,ประเดนท ่1 รํางรฐธรรมนูญ,ประเดนท ่2 คําถํามเพ่ิมเตม,,,,,,
,,เหนชอบ,รอยละ,ไมเหนชอบ,รอยละ,เหนชอบ,รอยละ,ไมเหนชอบ,รอยละ
,คง,"18,371",57.97,"13,322",42.03,"16,329",54.79,"13,474",45.21
ครบรี,"27,989",64.66,"15,299",35.34,"24,456",60.85,"15,734",39.15,
จกราช,"20,518",64.82,"11,135",35.18,"18,169",60.97,"11,633",39.03,
,เฉลิมพระเกยรติ,"13,027",69.29,"5,774",30.71,"11,667",65.93,"6,029",34.07
ชมพวง,"18,216",55.47,"14,626",44.53,"15,812",51.68,"14,784",48.32,
,โชคชย,"29,651",72.14,"11,453",27.86,"26,228",68.55,"12,033",31.45
,ด่านขนทด,"35,560",62.21,"21,600",37.79,"30,739",58.02,"22,237",41.98
เทพารักษ,"6,772",61.3,"4,275",38.7,"5,900",56.86,"4,477",43.14,
,โนนแดง,"5,425",55.06,"4,427",44.94,"4,721",51.05,"4,526",48.95
,โนนไทย,"24,288",71.34,"9,758",28.66,"21,431",66.37,"10,859",33.63
,โนนสูง,"38,385",69.59,"16,776",30.41,"33,986",65.74,"17,712",34.26
,บวลาย,"4,459",47.43,"4,943",52.57,"3,861",43.55,"5,005",56.45
,บวใหญ,"17,696",55.93,"13,942",44.07,"15,542",52.84,"13,869",47.16
,บานเหล่ือม,"4,243",50.72,"4,123",49.28,"3,578",46.23,"4,161",53.77
,ประทาย,"15,769",51.39,"14,913",48.61,"13,785",47.95,"14,961",52.05
,ปกธงชย,"36,070",65.73,"18,805",34.27,"31,904",62.22,"19,374",37.78
,ปากชอง,"50,172",65.14,"26,852",34.86,"45,444",62.01,"27,837",37.99
,พระทองคา,"11,115",67.08,"5,455",32.92,"9,671",62.75,"5,741",37.25
,พมาย,"38,213",66.97,"18,846",33.03,"33,884",63.21,"19,720",36.79
,เมองนครราชสีมา,"150,157",73.06,"55,356",26.94,"138,084",69.82,"59,685",30.18
,เมองยาง,"5,323",49.42,"5,449",50.58,"4,609",46.07,"5,396",53.93
,ลาทะเมนชย,"6,716",53.17,"5,916",46.83,"5,732",49.74,"5,791",50.26
,วงันาเขยว,"11,735",64.53,"6,451",35.47,"10,441",61.04,"6,665",38.96
,สีค้ิว,"29,091",60.45,"19,036",39.55,"25,676",56.98,"19,384",43.02
,สีดา,"4,232",45.33,"5,104",54.67,"3,673",41.86,"5,102",58.14
,สูงเนน,"24,308",63.1,"14,212",36.9,"21,375",59.5,"14,548",40.5
,เสิงสาง,"16,043",54.77,"13,250",45.23,"13,848",50.52,"13,564",49.48
,หนองบญมาก,"16,316",59.74,"10,996",40.26,"14,110",54.67,"11,701",45.33
,หวยแถลง,"18,739",60.93,"12,014",39.07,"16,317",56.94,"12,340",43.06
,นอกเขตจงหวดั นครราชสีมา,"3,487",65.42,"1,843",34.58,"3,187",60.06,"2,119",39.94
นครรําชสมํา ผลรวม,"730,985",64.39,"404,261",35.61,"649,052",60.78,"418,789",39.22,
นครศรีธรรมราช,ขนอม,"10,983",89.77,"1,251",10.23,"10,328",87.1,"1,530",12.9
จฬาภรณ์,"11,056",84.77,"1,986",15.23,"10,206",81.52,"2,313",18.48,
ฉวาง,"26,539",89.38,"3,152",10.62,"25,154",87.07,"3,735",12.93,
เฉลิมพระเกยรติ,"10,505",89.88,"1,183",10.12,"9,866",88.2,"1,320",11.8,
ชะอวด,"32,241",88.26,"4,290",11.74,"30,349",85.6,"5,107",14.4,
ชางกลาง,"10,659",87.96,"1,459",12.04,"10,098",85.8,"1,671",14.2,
เชยรใหญ,"15,861",90.42,"1,680",9.58,"14,948",88.15,"2,009",11.85,
ถาพรรณรา,"7,923",88.09,"1,071",11.91,"7,399",84.93,"1,313",15.07,
ทาศาลา,"35,982",82.82,"7,462",17.18,"33,928",80.74,"8,091",19.26,
ทง่สง,"60,592",88.68,"7,738",11.32,"57,207",85.93,"9,366",14.07,
จงหวด,อําเภอ/เขต,ประเดนท ่1 รํางรฐธรรมนูญ,ประเดนท ่2 คําถํามเพ่ิมเตม,,,,,,
,,เหนชอบ,รอยละ,ไมเหนชอบ,รอยละ,เหนชอบ,รอยละ,ไมเหนชอบ,รอยละ
,ทง่ใหญ,"27,849",88.81,"3,508",11.19,"25,994",85.99,"4,234",14.01
,นบพตา,"11,403",82.17,"2,474",17.83,"10,579",79.09,"2,797",20.91
,นาบอน,"10,438",86.93,"1,570",13.07,"9,787",84.17,"1,840",15.83
,บางขน,"17,291",87.92,"2,375",12.08,"16,229",84.76,"2,917",15.24
,ปากพนง,"32,714",91.11,"3,193",8.89,"30,971",89.11,"3,784",10.89
,พรหมคีรี,"14,261",87.02,"2,127",12.98,"13,397",97.19,388,2.81
,พระพรหม,"16,740",88.85,"2,101",11.15,"15,540",86.58,"2,409",13.42
,พปน,"11,189",86.52,"1,744",13.48,"10,365",83.74,"2,013",16.26
,เมองนครศรีธรรมราช,"92,854",87.61,"13,130",12.39,"87,281",85.49,"14,811",14.51
,ร่อนพบลย,"28,325",88.97,"3,510",11.03,"26,899",87.09,"3,988",12.91
,ลานสกา,"17,016",89.98,"1,894",10.02,"15,963",87.57,"2,266",12.43
,สิชล,"33,127",88.64,"4,244",11.36,"31,025",85.94,"5,074",14.06
,หวไทร,"22,990",90.17,"2,505",9.83,"21,540",88.39,"2,829",11.61
,นอกเขตจงหวดั นครศรีธรรมราช,"1,151",80.43,280,19.57,"1,070",75.19,353,24.81
นครศรธรรมรําช ผลรวม,"559,689",88.05,"75,927",11.95,"526,123",85.93,"86,158",14.07,
นครสวรรค์,เกาเล้ียว,"9,075",59.26,"6,238",40.74,"8,032",56.06,"6,296",43.94
,โกรกพระ,"11,960",74.07,"4,186",25.93,"10,706",70.69,"4,438",29.31
,ชมตาบง,"3,825",59.06,"2,651",40.94,"3,355",57.03,"2,528",42.97
,ชมแสง,"16,841",62.56,"10,078",37.44,"14,845",58.94,"10,342",41.06
,ตากฟา,"13,330",74.99,"4,446",25.01,"12,115",72.42,"4,614",27.58
,ตาคลี,"29,180",70.98,"11,932",29.02,"26,569",68.28,"12,344",31.72
,ทาตะโก,"15,456",56.27,"12,010",43.73,"13,371",52.61,"12,045",47.39
,บรรพตพสัย,"22,177",62.34,"13,397",37.66,"19,538",59.1,"13,524",40.9
,พยหะคีรี,"19,335",69.32,"8,558",30.68,"17,000",64.76,"9,252",35.24
,ไพศาลี,"16,199",55.58,"12,947",44.42,"13,787",50.86,"13,323",49.14
,เมองนครสวรรค์,"76,430",74.9,"25,619",25.1,"70,383",71.63,"27,871",28.37
,แมเปน,"4,883",64.85,"2,647",35.15,"4,359",62.67,"2,596",37.33
,แมวงก,"12,199",68.69,"5,560",31.31,"10,747",65.25,"5,723",34.75
,ลาดยาว,"23,430",68.92,"10,567",31.08,"20,681",65.25,"11,016",34.75
,หนองบว,"13,997",55.25,"11,335",44.75,"12,092",51.95,"11,185",48.05
,นอกเขตจงหวดั นครสวรรค์,"1,076",78.2,300,21.8,984,71.88,385,28.12
นครสวรรค์ ผลรวม,"289,393",67.01,"142,471",32.99,"258,564",63.68,"147,482",36.32,
นนทบรี,ไทรนอย,"14,269",56.81,"10,849",43.19,"12,854",53.3,"11,263",46.7
,บางกรวย,"39,135",69.34,"17,304",30.66,"36,292",65.63,"19,008",34.37
,บางบวทอง,"74,414",67.18,"36,351",32.82,"68,734",63.83,"38,952",36.17
,บางใหญ,"40,634",67.95,"19,168",32.05,"37,303",64.07,"20,915",35.93
,ปากเกร็ด,"67,986",67.81,"32,272",32.19,"63,464",64.33,"35,183",35.67
,เมองนนทบรี,"103,460",67.99,"48,710",32.01,"96,407",64.38,"53,333",35.62
,นอกเขตจงหวดั นนทบรี,"3,873",67.84,"1,836",32.16,"3,553",62.38,"2,143",37.62
นนทบร ผลรวม,"343,771",67.37,"166,490",32.63,"318,607",63.8,"180,797",36.2,
นราธวิาส,จะแนะ,"3,098",22.36,"10,758",77.64,"3,098",23.11,"10,305",76.89
จงหวด,อําเภอ/เขต,ประเดนท ่1 รํางรฐธรรมนูญ,ประเดนท ่2 คําถํามเพ่ิมเตม,,,,,,
,เหนชอบ,รอยละ,ไมเหนชอบ,รอยละ,เหนชอบ,รอยละ,ไมเหนชอบ,รอยละ,
,เจาะไอร้อง,"3,865",27.67,"10,102",72.33,"3,656",27.05,"9,861",72.95
,ตากใบ,"10,868",40.15,"16,200",59.85,"10,382",39.5,"15,902",60.5
,บาเจาะ,"3,617",17.47,"17,085",82.53,"3,570",17.58,"16,738",82.42
,เมองนราธวิาส,"21,051",45.33,"25,393",54.67,"20,132",44.62,"24,987",55.38
,ยงอ,"4,998",26.14,"14,121",73.86,"4,696",25.32,"13,848",74.68
,ระแงะ,"10,961",29.24,"26,524",70.76,"10,200",28.24,"25,913",71.76
,รือเสาะ,"8,238",29.64,"19,551",70.36,"7,902",29.49,"18,892",70.51
,แวง้,"6,601",34.29,"12,647",65.71,"6,248",33.67,"12,307",66.33
,ศรีสาคร,"4,394",29.63,"10,436",70.37,"4,094",28.95,"10,048",71.05
,สุคิริน,"6,156",56.69,"4,704",43.31,"5,765",55.25,"4,669",44.75
,สุไหงโก-ลก,"13,358",50.88,"12,897",49.12,"12,663",49.4,"12,971",50.6
,สุไหงปาดี,"7,865",37.56,"13,075",62.44,"7,522",37.13,"12,738",62.87
,นอกเขตจงหวดั นราธวิาส,"4,278",89.03,527,10.97,"4,041",85.61,679,14.39
นรําธวําส ผลรวม,"109,348",36.04,"194,020",63.96,"103,969",35.38,"189,858",64.62,
นาน,เฉลิมพระเกยรติ,"2,931",58.64,"2,067",41.36,"2,349",54.01,"2,000",45.99
,เชยงกลาง,"7,431",55.04,"6,069",44.96,"6,256",49.91,"6,279",50.09
,ทาวงัผา,"10,728",45.7,"12,746",54.3,"9,185",41.62,"12,884",58.38
,ทง่ชาง,"4,232",50.41,"4,163",49.59,"3,470",44.4,"4,345",55.6
,นานอย,"9,026",53.95,"7,705",46.05,"7,758",48.87,"8,118",51.13
,นาหมน,"3,119",42.47,"4,225",57.53,"2,642",38.61,"4,200",61.39
,บอเกลือ,"4,015",59.13,"2,775",40.87,"3,108",53.03,"2,753",46.97
,บานหลวง,"2,890",51.11,"2,765",48.89,"2,407",47.03,"2,711",52.97
,ปว,"14,396",48.92,"15,033",51.08,"12,199",44.7,"15,091",55.3
,ภเพยง,"11,936",60.03,"7,949",39.97,"10,255",55.78,"8,129",44.22
,เมองนาน,"23,574",58.31,"16,853",41.69,"20,659",54.27,"17,410",45.73
,แมจริม,"3,832",51.42,"3,620",48.58,"3,387",48.19,"3,641",51.81
,เวยีงสา,"18,189",51.89,"16,862",48.11,"15,716",47.5,"17,369",52.5
,สองแคว,"2,273",49.99,"2,274",50.01,"1,640",40.24,"2,436",59.76
,สันติสุข,"3,218",46.19,"3,749",53.81,"2,692",42.34,"3,666",57.66
,นอกเขตจงหวดั นาน,352,63.54,202,36.46,305,54.95,250,45.05
น่ําน ผลรวม,"122,142",52.83,"109,057",47.17,"104,028",48.32,"111,282",51.68,
บงกาฬ,เซกา,"13,598",40.47,"20,002",59.53,"11,279",35.78,"20,243",64.22
โซ่พสัย,"10,168",38.75,"16,069",61.25,"8,620",35.11,"15,930",64.89,
บงโขงหลง,"5,187",35.95,"9,241",64.05,"4,264",32.11,"9,017",67.89,
บง่คล้า,"2,036",34.01,"3,950",65.99,"1,714",30.29,"3,945",69.71,
ปากคาด,"4,599",35.04,"8,525",64.96,"3,789",30.87,"8,485",69.13,
พรเจริญ,"7,027",41.68,"9,833",58.32,"5,959",37.71,"9,843",62.29,
เมองบงกาฬ,"15,708",40.3,"23,273",59.7,"13,034",35.5,"23,685",64.5,
ศรีวไิล,"6,956",42.23,"9,515",57.77,"5,890",38.04,"9,593",61.96,
นอกเขตจงหวดั บงกาฬ,573,68.62,262,31.38,497,60.17,329,39.83,
บงกําฬ ผลรวม,"65,852",39.55,"100,670",60.45,"55,046",35.26,"101,070",64.74,
จงหวด,อําเภอ/เขต,ประเดนท ่1 รํางรฐธรรมนูญ,ประเดนท ่2 คําถํามเพ่ิมเตม,,,,,,
,เหนชอบ,รอยละ,ไมเหนชอบ,รอยละ,เหนชอบ,รอยละ,ไมเหนชอบ,รอยละ,
บรีรัมย,กระสัง,"20,165",55.92,"15,895",44.08,"17,639",51.54,"16,587",48.46
,คูเมอง,"16,729",67.11,"8,198",32.89,"14,414",63.22,"8,386",36.78
,แคนดง,"7,081",57.44,"5,246",42.56,"5,933",52.94,"5,274",47.06
,เฉลิมพระเกยรติ,"8,202",53.73,"7,063",46.27,"7,159",50.56,"7,001",49.44
,ชาน,"6,785",52.06,"6,248",47.94,"5,771",48.32,"6,173",51.68
,นางรอง,"27,669",58.04,"20,002",41.96,"23,928",54.13,"20,280",45.87
,นาโพธ,"6,949",52.77,"6,219",47.23,"5,959",48.95,"6,214",51.05
,โนนดินแดง,"5,531",55.63,"4,412",44.37,"4,731",52.54,"4,273",47.46
,โนนสุวรรณ,"5,313",49.86,"5,342",50.14,"4,543",45.17,"5,515",54.83
,บานกรวด,"16,355",58.24,"11,726",41.76,"14,175",54.28,"11,939",45.72
,บานด่าน,"7,192",59.34,"4,928",40.66,"6,222",55.41,"5,007",44.59
,บานใหมไชยพจน,"6,259",57.72,"4,584",42.28,"5,530",54.36,"4,642",45.64
,ประโคนชย,"34,230",69.46,"15,047",30.54,"29,851",65.57,"15,673",34.43
,ปะคา,"8,957",49.77,"9,038",50.23,"7,683",45.96,"9,035",54.04
,พลับพลาชย,"10,247",67.91,"4,841",32.09,"9,085",64.44,"5,013",35.56
,พทไธสง,"9,236",48.17,"9,936",51.83,"8,029",44.47,"10,027",55.53
,เมองบรีรัมย,"60,080",67.11,"29,443",32.89,"53,238",63.54,"30,551",36.46
,ละหานทราย,"16,381",60.62,"10,640",39.38,"14,060",56.31,"10,907",43.69
,ลาปลายมาศ,"31,962",63.45,"18,414",36.55,"27,693",59.63,"18,752",40.37
,สตึก,"24,539",60.76,"15,845",39.24,"21,058",56.19,"16,419",43.81
,หนองก,"15,162",54.24,"12,793",45.76,"13,203",50.73,"12,825",49.27
,หนองหงส์,"9,875",51.03,"9,478",48.97,"8,647",47.08,"9,719",52.92
,หวยราช,"9,310",63.15,"5,432",36.85,"8,070",58.17,"5,802",41.83
,นอกเขตจงหวดั บรีรัมย,832,71.54,331,28.46,726,63.41,419,36.59
บรรมย ผลรวม,"365,041",60.22,"241,101",39.78,"317,347",56.29,"246,433",43.71,
ปทมธาน,คลองหลวง,"60,191",60.1,"39,968",39.9,"55,735",56.94,"42,152",43.06
,ธญับรี,"47,430",63.61,"27,135",36.39,"44,136",60.37,"28,970",39.63
,เมองปทมธาน,"54,281",66.7,"27,099",33.3,"50,258",63.33,"29,095",36.67
,ลาดหลุมแกว,"16,006",59.51,"10,889",40.49,"14,498",56.84,"11,010",43.16
,ลาลูกกา,"67,830",63.35,"39,238",36.65,"63,004",59.84,"42,275",40.16
,สามโคก,"15,533",65.52,"8,173",34.48,"13,987",61.79,"8,648",38.21
,หนองเสือ,"12,975",60.94,"8,318",39.06,"11,651",57.76,"8,519",42.24
,นอกเขตจงหวดั ปทมธาน,"4,019",56.47,"3,098",43.53,"3,661",51.72,"3,417",48.28
ปทมธํานี ผลรวม,"278,265",62.93,"163,918",37.07,"256,930",59.61,"174,086",40.39,
ประจวบคีรีขนธ,กยบรี,"16,674",83.02,"3,410",16.98,"15,456",80.5,"3,744",19.5
ทบสะแก,"17,147",82.87,"3,545",17.13,"16,190",80.48,"3,927",19.52,
บางสะพาน,"28,327",87.71,"3,971",12.29,"26,521",84.73,"4,780",15.27,
บางสะพานนอย,"15,437",90.33,"1,653",9.67,"14,565",87.76,"2,031",12.24,
ปราณบรี,"29,275",83.26,"5,886",16.74,"27,725",80.59,"6,676",19.41,
เมองประจวบคีรีขนธ,"28,387",82.51,"6,019",17.49,"26,520",79.87,"6,686",20.13,
สามร้อยยอด,"17,049",82.41,"3,640",17.59,"15,914",80.09,"3,957",19.91,
จงหวด,อําเภอ/เขต,ประเดนท ่1 รํางรฐธรรมนูญ,ประเดนท ่2 คําถํามเพ่ิมเตม,,,,,,
,,เหนชอบ,รอยละ,ไมเหนชอบ,รอยละ,เหนชอบ,รอยละ,ไมเหนชอบ,รอยละ
,หวหน,"30,986",76.65,"9,437",23.35,"28,829",73.55,"10,368",26.45
,นอกเขตจงหวดั ประจวบคีรีขนธ,"3,079",79.5,794,20.5,"2,855",74.6,972,25.4
ประจวบคีรขนธ ผลรวม,"186,361",82.93,"38,355",17.07,"174,575",80.18,"43,141",19.82,
ปราจนบรี,กบนทร์บรี,"43,478",70.62,"18,090",29.38,"38,834",67.32,"18,849",32.68
,นาดี,"13,413",63.27,"7,785",36.73,"11,962",60.51,"7,808",39.49
,บานสร้าง,"9,675",66.75,"4,819",33.25,"8,586",62.4,"5,174",37.6
,ประจนตคาม,"17,992",71.45,"7,189",28.55,"16,140",68.61,"7,383",31.39
,เมองปราจนบรี,"36,072",72.31,"13,813",27.69,"32,905",69.2,"14,644",30.8
,ศรีมหาโพธ,"19,999",64.96,"10,787",35.04,"17,960",61.31,"11,336",38.69
,ศรีมโหสถ,"4,967",62.14,"3,026",37.86,"4,546",59.56,"3,086",40.44
,นอกเขตจงหวดั ปราจนบรี,"2,971",71.37,"1,192",28.63,"2,719",65.68,"1,421",34.32
ปรําจนบร ผลรวม,"148,567",69.01,"66,701",30.99,"133,652",65.72,"69,701",34.28,
ปตตาน,กะพอ,"1,488",20.25,"5,861",79.75,"1,398",19.48,"5,777",80.52
,โคกโพธ,"16,964",58.39,"12,088",41.61,"15,964",56.98,"12,054",43.02
,ทง่ยางแดง,"1,661",20.13,"6,591",79.87,"1,606",19.83,"6,493",80.17
,ปะนาเระ,"6,359",39.25,"9,843",60.75,"6,092",38.72,"9,643",61.28
,มายอ,"3,730",18.11,"16,864",81.89,"3,696",18.41,"16,378",81.59
,เมองปตตาน,"20,481",43.25,"26,877",56.75,"19,769",42.55,"26,691",57.45
,แมลาน,"3,575",49.87,"3,594",50.13,"3,366",48.33,"3,598",51.67
,ไมแกน,"1,903",35.85,"3,405",64.15,"1,810",34.91,"3,375",65.09
,ยะรัง,"5,848",19.78,"23,711",80.22,"5,620",19.56,"23,118",80.44
,ยะหร่ิง,"6,740",23.61,"21,805",76.39,"6,445",23.08,"21,479",76.92
,สายบรี,"6,649",25.35,"19,582",74.65,"6,407",25.02,"19,204",74.98
,หนองจก,"9,489",37.65,"15,715",62.35,"9,001",36.78,"15,470",63.22
,นอกเขตจงหวดั ปตตาน,"5,065",84.01,964,15.99,"4,802",80.42,"1,169",19.58
ปตตํานี ผลรวม,"89,952",35.02,"166,900",64.98,"85,976",34.33,"164,449",65.67,
พระนครศรีอยธยา,ทาเรือ,"13,976",63.76,"7,942",36.24,"12,569",60.39,"8,245",39.61
นครหลวง,"9,904",56.84,"7,519",43.16,"8,936",54.06,"7,594",45.94,
บางซ้าย,"4,150",50.85,"4,012",49.15,"3,615",46.72,"4,122",53.28,
บางไทร,"11,884",53.65,"10,266",46.35,"10,580",50.67,"10,300",49.33,
บางบาล,"9,303",59.03,"6,457",40.97,"8,414",56.11,"6,581",43.89,
บางปะหน,"10,830",55.37,"8,731",44.63,"9,535",52,"8,803",48,
บางปะอน,"29,924",65.78,"15,570",34.22,"27,231",62.3,"16,480",37.7,
บานแพรก,"2,550",57.73,"1,867",42.27,"2,284",55.09,"1,862",44.91,
ผักไห,"9,083",53.9,"7,768",46.1,"8,109",50.71,"7,883",49.29,
พระนครศรีอยธยา,"40,261",69.05,"18,045",30.95,"37,281",65.79,"19,382",34.21,
ภาช,"7,610",55.05,"6,215",44.95,"6,877",52.93,"6,116",47.07,
มหาราช,"6,784",58.47,"4,818",41.53,"6,159",55.55,"4,928",44.45,
ลาดบวหลวง,"8,843",52.71,"7,934",47.29,"7,948",50.05,"7,932",49.95,
วงันอย,"18,850",63.27,"10,944",36.73,"17,160",59.89,"11,492",40.11,
เสนา,"16,817",57.69,"12,334",42.31,"14,901",54.38,"12,500",45.62,
จงหวด,อําเภอ/เขต,ประเดนท ่1 รํางรฐธรรมนูญ,ประเดนท ่2 คําถํามเพ่ิมเตม,,,,,,
,เหนชอบ,รอยละ,ไมเหนชอบ,รอยละ,เหนชอบ,รอยละ,ไมเหนชอบ,รอยละ,
,อทย,"13,183",58.41,"9,388",41.59,"11,940",55.43,"9,601",44.57
,นอกเขตจงหวดั พระนครศรีอยธยา,"2,326",70.06,994,29.94,"2,088",60.61,"1,357",39.39
พระนครศรอยธยํา ผลรวม,"216,278",60.57,"140,804",39.43,"195,627",57.4,"145,178",42.6,
พะเยา,จน,"9,072",39.61,"13,829",60.39,"7,595",36.22,"13,376",63.78
,เชยงคา,"16,337",46.07,"19,122",53.93,"13,917",42.18,"19,075",57.82
,เชยงมวน,"6,034",62.96,"3,550",37.04,"5,219",59.86,"3,500",40.14
,ดอกคาใต้,"14,962",43.48,"19,448",56.52,"12,943",40.33,"19,152",59.67
,ปง,"11,533",48.98,"12,013",51.02,"9,652",44.88,"11,853",55.12
,ภกามยาว,"4,059",38.61,"6,454",61.39,"3,309",35.28,"6,070",64.72
,ภซาง,"6,085",38.98,"9,526",61.02,"5,042",35.07,"9,334",64.93
,เมองพะเยา,"31,170",51.87,"28,924",48.13,"27,150",48.42,"28,927",51.58
,แมใจ,"8,858",50.75,"8,596",49.25,"7,632",47.47,"8,446",52.53
,นอกเขตจงหวดั พะเยา,"1,298",52.23,"1,187",47.77,"1,192",48.46,"1,268",51.54
พะเยํา ผลรวม,"109,408",47.15,"122,649",52.85,"93,651",43.63,"121,001",56.37,
พงงา,กะปง,"5,606",79.61,"1,436",20.39,"5,152",75.79,"1,646",24.21
,เกาะยาว,"5,253",85.37,900,14.63,"4,896",81.72,"1,095",18.28
,คุระบรี,"8,689",81.21,"2,010",18.79,"8,062",77.94,"2,282",22.06
,ตะกวทง่,"16,465",85.16,"2,870",14.84,"15,590",82.58,"3,289",17.42
,ตะกวปา,"16,617",82.03,"3,641",17.97,"15,654",79.44,"4,051",20.56
,ทบปด,"9,932",86.42,"1,561",13.58,"9,373",83.9,"1,799",16.1
,ทายเหมอง,"18,875",84.24,"3,530",15.76,"17,702",81.64,"3,980",18.36
,เมองพงงา,"15,744",87.62,"2,224",12.38,"14,745",85.07,"2,587",14.93
,นอกเขตจงหวดั พงงา,771,81.76,172,18.24,712,76.15,223,23.85
พังงํา ผลรวม,"97,952",84.23,"18,344",15.77,"91,886",81.43,"20,952",18.57,
พทลุง,กงหรา,"12,554",76.86,"3,779",23.14,"11,558",73.39,"4,191",26.61
,เขาชยสน,"19,147",86.58,"2,968",13.42,"17,894",83.36,"3,573",16.64
,ควนขนน,"37,274",84.81,"6,675",15.19,"33,969",80.99,"7,975",19.01
,ตะโหมด,"11,251",80.51,"2,723",19.49,"10,504",77.55,"3,041",22.45
,บางแกว,"9,941",86.47,"1,555",13.53,"9,349",84.17,"1,758",15.83
,ปากพะยน,"20,354",86.9,"3,069",13.1,"19,143",84.15,"3,606",15.85
,ปาบอน,"19,071",85.64,"3,198",14.36,"18,016",83.09,"3,666",16.91
,ปาพะยอม,"15,074",86.76,"2,301",13.24,"14,101",83.49,"2,789",16.51
,เมองพทลุง,"50,156",85.31,"8,634",14.69,"47,146",82.15,"10,247",17.85
,ศรีนครินทร์,"11,047",82.26,"2,383",17.74,"10,093",78.8,"2,716",21.2
,ศรีบรรพต,"7,684",81.59,"1,734",18.41,"7,098",78.52,"1,942",21.48
,นอกเขตจงหวดั พทลุง,347,83.61,68,16.39,324,78.83,87,21.17
พัทลง ผลรวม,"213,900",84.55,"39,087",15.45,"199,195",81.38,"45,591",18.62,
พจตร,ดงเจริญ,"4,539",58.24,"3,255",41.76,"3,932",53.5,"3,418",46.5
ตะพานหน,"15,932",58.4,"11,347",41.6,"14,016",54.66,"11,625",45.34,
ทบคล้อ,"7,866",50.96,"7,571",49.04,"6,654",47.2,"7,442",52.8,
บางมลนาก,"11,003",60.09,"7,308",39.91,"9,747",56.18,"7,602",43.82,
จงหวด,อําเภอ/เขต,ประเดนท ่1 รํางรฐธรรมนูญ,ประเดนท ่2 คําถํามเพ่ิมเตม,,,,,,
,,เหนชอบ,รอยละ,ไมเหนชอบ,รอยละ,เหนชอบ,รอยละ,ไมเหนชอบ,รอยละ
,บงนาราง,"8,472",74.48,"2,903",25.52,"7,475",70.24,"3,167",29.76
,โพทะเล,"16,237",65.05,"8,722",34.95,"13,834",59.97,"9,233",40.03
,โพธประทบชาง,"11,707",67.49,"5,638",32.51,"10,404",64.02,"5,846",35.98
,เมองพจตร,"33,045",72.72,"12,399",27.28,"29,753",69.65,"12,962",30.35
,วชรบารม,"7,658",63.48,"4,406",36.52,"6,610",59.07,"4,581",40.93
,วงัทรายพน,"6,178",64.91,"3,340",35.09,"5,452",61.42,"3,425",38.58
,สากเหล็ก,"6,713",73.95,"2,365",26.05,"5,894",71.11,"2,395",28.89
,สามง่าม,"11,613",67.46,"5,602",32.54,"10,244",64.63,"5,607",35.37
,นอกเขตจงหวดั พจตร,367,71.82,144,28.18,320,63.12,187,36.88
พิจตร ผลรวม,"141,330",65.33,"75,000",34.67,"124,335",61.61,"77,490",38.39,
พษณุโลก,ชาติตระการ,"12,278",70.82,"5,059",29.18,"10,658",66.21,"5,439",33.79
,นครไทย,"30,436",79.47,"7,864",20.53,"27,020",75.75,"8,652",24.25
,เนนมะปราง,"14,524",67.9,"6,866",32.1,"12,667",63.4,"7,311",36.6
,บางกระทม่,"12,075",57.14,"9,058",42.86,"10,631",53.48,"9,249",46.52
,บางระกา,"24,639",61.24,"15,594",38.76,"21,943",57.71,"16,083",42.29
,พรหมพราม,"24,316",61.51,"15,213",38.49,"21,784",57.52,"16,086",42.48
,เมองพษณุโลก,"98,673",72.22,"37,953",27.78,"90,248",68.35,"41,783",31.65
,วงัทอง,"33,950",69.46,"14,925",30.54,"30,419",65.4,"16,091",34.6
,วดัโบสถ,"12,017",67.25,"5,852",32.75,"10,798",63.15,"6,300",36.85
,นอกเขตจงหวดั พษณุโลก,"2,228",69.8,964,30.2,"2,039",63.7,"1,162",36.3
พิษณโลก ผลรวม,"265,136",68.96,"119,348",31.04,"238,207",65.02,"128,156",34.98,
เพชรบรี,แกงกระจาน,"11,339",80.37,"2,770",19.63,"10,365",77.73,"2,970",22.27
,เขายอย,"14,788",77.3,"4,342",22.7,"13,463",73.81,"4,778",26.19
,ชะอา,"24,516",75.88,"7,792",24.12,"22,596",73.17,"8,284",26.83
,ทายาง,"33,562",80.57,"8,093",19.43,"30,968",77.96,"8,754",22.04
,บานลาด,"23,250",82.44,"4,954",17.56,"21,579",79.45,"5,580",20.55
,บานแหลม,"17,836",80.96,"4,194",19.04,"16,696",78.48,"4,578",21.52
,เมองเพชรบรี,"47,812",81.55,"10,815",18.45,"44,314",78.48,"12,154",21.52
,หนองหญาปล้อง,"6,226",81.17,"1,444",18.83,"5,658",77.72,"1,622",22.28
,นอกเขตจงหวดั เพชรบรี,"1,202",75.08,399,24.92,"1,062",66.92,525,33.08
เพชรบร ผลรวม,"180,531",80.12,"44,803",19.88,"166,701",77.2,"49,245",22.8,
เพชรบรณ์,เขาค้อ,"10,568",69.23,"4,698",30.77,"9,234",63.84,"5,231",36.16
ชนแดน,"18,802",65.99,"9,690",34.01,"16,812",62.73,"9,990",37.27,
นาหนาว,"5,750",71.68,"2,272",28.32,"4,996",68.2,"2,330",31.8,
บงสามพน,"19,575",70.02,"8,382",29.98,"17,338",67.01,"8,534",32.99,
เมองเพชรบรณ์,"66,277",73.87,"23,446",26.13,"58,869",70.54,"24,582",29.46,
วงัโปง,"7,538",56.04,"5,912",43.96,"6,514",52.71,"5,845",47.29,
วเิชยรบรี,"31,704",63.04,"18,586",36.96,"27,457",59.61,"18,605",40.39,
ศรีเทพ,"15,781",58.53,"11,179",41.47,"13,617",54.89,"11,189",45.11,
หนองไผ่,"27,313",64.43,"15,076",35.57,"24,151",61.13,"15,354",38.87,
หล่มเกา,"25,315",78.31,"7,013",21.69,"22,363",75.01,"7,452",24.99,
จงหวด,อําเภอ/เขต,ประเดนท ่1 รํางรฐธรรมนูญ,ประเดนท ่2 คําถํามเพ่ิมเตม,,,,,,
,เหนชอบ,รอยละ,ไมเหนชอบ,รอยละ,เหนชอบ,รอยละ,ไมเหนชอบ,รอยละ,
,หล่มสัก,"56,793",73.12,"20,873",26.88,"50,731",69.18,"22,598",30.82
,นอกเขตจงหวดั เพชรบรณ์,747,77.65,215,22.35,689,71.77,271,28.23
เพชรบรณ ผลรวม,"286,163",69.2,"127,342",30.8,"252,771",65.7,"131,981",34.3,
แพร่,เด่นชย,"7,409",45.38,"8,919",54.62,"6,244",41.78,"8,701",58.22
,เมองแพร่,"28,524",46.33,"33,049",53.67,"24,724",43.03,"32,731",56.97
,ร้องกวาง,"12,795",53.77,"11,000",46.23,"11,163",50.3,"11,029",49.7
,ลอง,"10,646",42.38,"14,474",57.62,"9,064",39.08,"14,131",60.92
,วงัชน,"13,266",61.77,"8,212",38.23,"11,231",57.97,"8,143",42.03
,สอง,"10,002",41.53,"14,084",58.47,"8,403",38.32,"13,525",61.68
,สูงเมน,"14,999",37.48,"25,018",62.52,"12,712",33.98,"24,696",66.02
,หนองมวงไข,"4,829",50.89,"4,661",49.11,"4,150",46.29,"4,816",53.71
,นอกเขตจงหวดั แพร่,275,60.84,177,39.16,253,55.73,201,44.27
แพร ผลรวม,"102,745",46.21,"119,594",53.79,"87,944",42.71,"117,973",57.29,
ภเกต,กะท,"16,082",85.83,"2,655",14.17,"15,192",82.65,"3,189",17.35
,ถลาง,"34,335",88.14,"4,621",11.86,"32,602",86.03,"5,293",13.97
,เมองภเกต,"73,249",88.72,"9,315",11.28,"69,330",86.39,"10,925",13.61
,นอกเขตจงหวดั ภเกต,"1,977",80.14,490,19.86,"1,845",75,615,25
ภเก็ต ผลรวม,"125,643",88.03,"17,081",11.97,"118,969",85.59,"20,022",14.41,
มหาสารคาม,กนทรวชิย,"15,453",39.04,"24,134",60.96,"13,133",34.7,"24,718",65.3
,กดรัง,"6,970",46,"8,182",54,"5,996",41.78,"8,357",58.22
,แกดา,"5,092",39.34,"7,851",60.66,"4,199",34.68,"7,910",65.32
,โกสุมพสัย,"20,452",39.23,"31,682",60.77,"17,491",35.58,"31,666",64.42
,ชนชม,"3,942",38.83,"6,211",61.17,"3,385",36.22,"5,960",63.78
,เชยงยน,"10,401",38.88,"16,352",61.12,"9,061",35.92,"16,163",64.08
,นาเชอก,"10,990",45.75,"13,034",54.25,"9,377",41.56,"13,184",58.44
,นาดูน,"6,832",45.85,"8,070",54.15,"5,685",41.32,"8,074",58.68
,บรบอ,"17,604",40.79,"25,556",59.21,"15,109",37.44,"25,243",62.56
,พยคฆภมพสัย,"15,593",45.38,"18,771",54.62,"13,282",41.14,"19,005",58.86
,เมองมหาสารคาม,"33,327",45.6,"39,759",54.4,"28,994",41.48,"40,902",58.52
,ยางสีสุราช,"6,411",47.88,"6,979",52.12,"5,344",42.68,"7,178",57.32
,วาปปทม,"18,242",40.82,"26,443",59.18,"15,280",36.57,"26,502",63.43
,นอกเขตจงหวดั มหาสารคาม,"1,083",49.25,"1,116",50.75,962,43.59,"1,245",56.41
มหําสํารคําม ผลรวม,"172,392",42.41,"234,140",57.59,"147,298",38.42,"236,107",61.58,
มกดาหาร,คาชะอ,"7,860",41.56,"11,052",58.44,"6,795",38.5,"10,855",61.5
ดงหลวง,"7,025",42.77,"9,401",57.23,"5,684",38.9,"8,927",61.1,
ดอนตาล,"5,711",30.59,"12,961",69.41,"4,865",27.69,"12,705",72.31,
นคมคาสร้อย,"6,618",35.34,"12,109",64.66,"5,658",32.33,"11,841",67.67,
เมองมกดาหาร,"21,992",38.28,"35,463",61.72,"18,607",35.02,"34,533",64.98,
หนองสูง,"3,862",39.81,"5,838",60.19,"3,235",35.41,"5,902",64.59,
หวา้นใหญ,"3,061",37,"5,211",63,"2,622",33.19,"5,278",66.81,
นอกเขตจงหวดั มกดาหาร,415,62.69,247,37.31,374,57.72,274,42.28,
จงหวด,อําเภอ/เขต,ประเดนท ่1 รํางรฐธรรมนูญ,ประเดนท ่2 คําถํามเพ่ิมเตม,,,,,,
,เหนชอบ,รอยละ,ไมเหนชอบ,รอยละ,เหนชอบ,รอยละ,ไมเหนชอบ,รอยละ,
มกดําหําร ผลรวม,"56,544",37.99,"92,282",62.01,"47,840",34.63,"90,315",65.37,
แมฮ่องสอน,ขนยวม,"7,257",69.33,"3,210",30.67,"6,193",63.94,"3,492",36.06
,ปางมะผ้า,"4,734",66.86,"2,346",33.14,"4,200",63.05,"2,461",36.95
,ปาย,"9,328",61.46,"5,849",38.54,"8,353",56.85,"6,340",43.15
,เมองแมฮ่องสอน,"12,722",64.54,"6,990",35.46,"11,053",59.32,"7,581",40.68
,แมลานอย,"10,686",68.11,"5,003",31.89,"8,938",62.35,"5,398",37.65
,แมสะเรียง,"15,463",66.8,"7,684",33.2,"13,072",61.96,"8,024",38.04
,สบเมย,"8,272",53.54,"7,177",46.46,"7,031",49.99,"7,033",50.01
,นอกเขตจงหวดั แมฮ่องสอน,977,66.24,498,33.76,856,58.39,610,41.61
แมฮองสอน ผลรวม,"69,439",64.18,"38,757",35.82,"59,696",59.32,"40,939",40.68,
ยโสธร,กดชม,"9,382",35.48,"17,060",64.52,"8,057",32.13,"17,020",67.87
,ค้อวงั,"3,518",35.96,"6,266",64.04,"2,905",31.59,"6,290",68.41
,คาเขอนแกว,"9,917",38.44,"15,884",61.56,"8,395",34.19,"16,158",65.81
,ทรายมล,"3,995",34.01,"7,751",65.99,"3,409",29.95,"7,974",70.05
,ไทยเจริญ,"4,491",35.58,"8,131",64.42,"3,852",32.42,"8,030",67.58
,ปาต้ิว,"5,876",38.4,"9,426",61.6,"4,995",33.87,"9,751",66.13
,มหาชนะชย,"7,428",34.24,"14,263",65.76,"6,183",29.72,"14,624",70.28
,เมองยโสธร,"23,508",40.58,"34,424",59.42,"20,132",36.76,"34,639",63.24
,เลิงนกทา,"12,836",30.79,"28,858",69.21,"11,128",27.94,"28,706",72.06
,นอกเขตจงหวดั ยโสธร,321,59.23,221,40.77,273,51.03,262,48.97
ยโสธร ผลรวม,"81,272",36.35,"142,284",63.65,"69,329",32.58,"143,454",67.42,
ยะลา,กรงปนง,"1,747",16.02,"9,161",83.98,"1,722",16.31,"8,838",83.69
,กาบง,"3,548",39.28,"5,485",60.72,"3,400",38.47,"5,439",61.53
,ธารโต,"4,220",46.62,"4,832",53.38,"4,069",45.5,"4,874",54.5
,บนนงสตา,"5,705",27.11,"15,337",72.89,"5,387",26.33,"15,070",73.67
,เบตง,"13,975",59.63,"9,460",40.37,"13,258",58.59,"9,370",41.41
,เมองยะลา,"33,348",50.07,"33,260",49.93,"31,813",49.05,"33,043",50.95
,ยะหา,"5,545",24.52,"17,067",75.48,"5,388",24.54,"16,565",75.46
,รามน,"8,903",24.5,"27,443",75.5,"8,508",24.38,"26,389",75.62
,นอกเขตจงหวดั ยะลา,"4,768",83.49,943,16.51,"4,418",78.58,"1,204",21.42
ยะลํา ผลรวม,"81,759",39.93,"122,988",60.07,"77,963",39.23,"120,792",60.77,
ร้อยเอด,เกษตรวสัิย,"12,037",32.11,"25,444",67.89,"10,003",28.23,"25,425",71.77
จตุรพกตรพมาน,"11,711",34.75,"21,985",65.25,"9,783",30.65,"22,134",69.35,
จงหาร,"5,766",30.13,"13,370",69.87,"4,732",26.04,"13,443",73.96,
เชยงขวญั,"3,943",33.68,"7,764",66.32,"3,261",29.49,"7,796",70.51,
ทง่เขาหลวง,"2,439",28.05,"6,255",71.95,"2,030",24.8,"6,154",75.2,
ธวชับรี,"9,760",35.18,"17,985",64.82,"8,316",31.55,"18,045",68.45,
ปทมรัตต์,"6,366",30.73,"14,349",69.27,"5,277",27,"14,270",73,
พนมไพร,"8,775",32.69,"18,069",67.31,"7,569",29.88,"17,762",70.12,
โพธชย,"9,627",40.59,"14,091",59.41,"7,683",35.39,"14,026",64.61,
โพนทราย,"3,046",29.25,"7,369",70.75,"2,560",26,"7,285",74,
จงหวด,อําเภอ/เขต,ประเดนท ่1 รํางรฐธรรมนูญ,ประเดนท ่2 คําถํามเพ่ิมเตม,,,,,,
,เหนชอบ,รอยละ,ไมเหนชอบ,รอยละ,เหนชอบ,รอยละ,ไมเหนชอบ,รอยละ,
,โพนทอง,"16,696",39.75,"25,305",60.25,"14,081",35.73,"25,327",64.27
,เมยวดี,"4,076",44.19,"5,147",55.81,"3,421",39.67,"5,202",60.33
,เมองร้อยเอด,"32,283",47.07,"36,295",52.93,"27,941",42.85,"37,273",57.15
,เมองสรวง,"2,812",31.84,"6,021",68.16,"2,327",27.5,"6,134",72.5
,ศรีสมเด็จ,"7,271",42.99,"9,643",57.01,"6,411",39.9,"9,656",60.1
,สุวรรณภม,"13,459",30.9,"30,097",69.1,"11,094",27,"29,999",73
,เสลภม,"16,760",35.27,"30,765",64.73,"14,186",31.42,"30,969",68.58
,หนองพอก,"9,450",36.39,"16,521",63.61,"7,846",32.29,"16,451",67.71
,หนองฮี,"2,253",26.95,"6,107",73.05,"1,902",24.26,"5,937",75.74
,อาจสามารถ,"7,990",28.78,"19,772",71.22,"6,787",25.85,"19,467",74.15
,นอกเขตจงหวดั ร้อยเอด,411,63.82,233,36.18,377,58.45,268,41.55
รอยเอ็ด ผลรวม,"186,931",35.98,"332,587",64.02,"157,587",32.12,"333,023",67.88,
ระนอง,กระบรี,"18,320",87.24,"2,680",12.76,"16,840",84.6,"3,065",15.4
,กะเปอร์,"7,030",85,"1,241",15,"6,382",81.24,"1,474",18.76
,เมองระนอง,"27,510",87.78,"3,830",12.22,"25,660",85.01,"4,526",14.99
,ละอน,"6,093",87.23,892,12.77,"5,576",84.37,"1,033",15.63
,สุขสาราญ,"4,403",86.13,709,13.87,"4,093",83.12,831,16.88
,นอกเขตจงหวดั ระนอง,878,84.59,160,15.41,807,78.89,216,21.11
ระนอง ผลรวม,"64,234",87.1,"9,512",12.9,"59,358",84.19,"11,145",15.81,
ระยอง,แกลง,"44,697",80.29,"10,969",19.71,"40,776",76.42,"12,582",23.58
,เขาชะเมา,"7,631",77.41,"2,227",22.59,"6,921",73.18,"2,537",26.82
,นคมพฒนา,"13,091",75.42,"4,266",24.58,"11,974",71.69,"4,728",28.31
,บานค่าย,"24,725",81.38,"5,658",18.62,"22,959",78.53,"6,276",21.47
,บานฉาง,"18,695",76.03,"5,893",23.97,"17,223",72.39,"6,568",27.61
,ปลวกแดง,"15,259",74.33,"5,271",25.67,"14,056",70.79,"5,801",29.21
,เมองระยอง,"85,193",79.88,"21,460",20.12,"78,997",76.39,"24,409",23.61
,วงัจนทร์,"7,896",76.46,"2,431",23.54,"7,282",73.72,"2,596",26.28
,นอกเขตจงหวดั ระยอง,"4,009",69.53,"1,757",30.47,"3,637",63.54,"2,087",36.46
ระยอง ผลรวม,"221,196",78.68,"59,932",21.32,"203,825",75.1,"67,584",24.9,
ราชบรี,จอมบง,"20,475",74.19,"7,122",25.81,"18,239",70.4,"7,669",29.6
ดาเนนสะดวก,"32,448",79.48,"8,377",20.52,"29,356",75.81,"9,368",24.19,
บางแพ,"15,943",76.27,"4,961",23.73,"14,565",73.26,"5,315",26.74,
บานคา,"6,654",66.73,"3,317",33.27,"5,901",63.34,"3,416",36.66,
บานโปง,"58,727",75.84,"18,707",24.16,"53,589",72.88,"19,940",27.12,
ปากทอ,"23,856",75.8,"7,615",24.2,"21,358",72.26,"8,199",27.74,
โพธาราม,"49,016",75.09,"16,258",24.91,"44,411",71.88,"17,372",28.12,
เมองราชบรี,"68,345",75.08,"22,689",24.92,"62,490",71.49,"24,921",28.51,
วดัเพลง,"4,692",76.42,"1,448",23.58,"4,257",72.72,"1,597",27.28,
สวนผ้ึง,"9,736",71.07,"3,963",28.93,"8,699",67.3,"4,227",32.7,
นอกเขตจงหวดั ราชบรี,"1,583",67.65,757,32.35,"1,433",61.74,888,38.26,
รําชบร ผลรวม,"291,475",75.38,"95,214",24.62,"264,298",71.97,"102,912",28.03,
จงหวด,อําเภอ/เขต,ประเดนท ่1 รํางรฐธรรมนูญ,ประเดนท ่2 คําถํามเพ่ิมเตม,,,,,,
,,เหนชอบ,รอยละ,ไมเหนชอบ,รอยละ,เหนชอบ,รอยละ,ไมเหนชอบ,รอยละ
ลพบรี,โคกเจริญ,"5,166",57.28,"3,853",42.72,"4,228",51.17,"4,035",48.83
,โคกสาโรง,"20,215",60.9,"12,977",39.1,"17,888",58.39,"12,745",41.61
,ชยบาดาล,"25,277",72.13,"9,769",27.87,"22,625",69.17,"10,086",30.83
,ทาวง,"12,799",55.78,"10,145",44.22,"11,349",53.03,"10,053",46.97
,ทาหลวง,"8,806",73.8,"3,127",26.2,"7,870",71.02,"3,212",28.98
,บานหม,"16,052",53.23,"14,106",46.77,"14,220",50.27,"14,069",49.73
,พฒนานคม,"19,875",66.2,"10,146",33.8,"17,449",63.33,"10,105",36.67
,เมองลพบรี,"74,574",66.13,"38,193",33.87,"67,893",63.36,"39,264",36.64
,ลาสนธ,"7,771",73.78,"2,761",26.22,"6,772",69.87,"2,920",30.13
,สระโบสถ,"5,623",55.88,"4,439",44.12,"4,724",52.69,"4,242",47.31
,หนองมวง,"8,319",63.87,"4,706",36.13,"7,242",60.18,"4,792",39.82
,นอกเขตจงหวดั ลพบรี,"1,142",76.03,360,23.97,"1,014",67.38,491,32.62
ลพบร ผลรวม,"205,619",64.22,"114,582",35.78,"183,274",61.24,"116,014",38.76,
ลาปาง,เกาะคา,"14,509",47.61,"15,964",52.39,"12,396",43.82,"15,893",56.18
,งาว,"10,823",44.27,"13,622",55.73,"9,130",41.05,"13,113",58.95
,แจหม,"11,854",56.91,"8,975",43.09,"10,282",53.72,"8,858",46.28
,เถน,"13,430",50,"13,430",50,"11,654",46.72,"13,293",53.28
,เมองปาน,"7,485",46.37,"8,656",53.63,"6,268",43.46,"8,153",56.54
,เมองลาปาง,"68,821",58.69,"48,442",41.31,"61,286",55.52,"49,094",44.48
,แมทะ,"13,753",44.06,"17,464",55.94,"11,732",41.18,"16,758",58.82
,แมพริก,"3,509",47.53,"3,874",52.47,"3,093",44.61,"3,841",55.39
,แมเมาะ,"13,539",66.67,"6,768",33.33,"11,785",63.37,"6,812",36.63
,วงัเหนอ,"11,182",49.68,"11,324",50.32,"9,400",45.84,"11,107",54.16
,สบปราบ,"5,318",40.29,"7,882",59.71,"4,247",37.15,"7,186",62.85
,เสริมงาม,"6,271",42.69,"8,418",57.31,"5,236",39.53,"8,011",60.47
,หางฉตร,"12,603",44.69,"15,597",55.31,"10,864",41.2,"15,503",58.8
,นอกเขตจงหวดั ลาปาง,661,59.66,447,40.34,596,54.08,506,45.92
ลําปําง ผลรวม,"193,758",51.72,"180,863",48.28,"167,969",48.53,"178,128",51.47,
ลาพน,ทง่หวชาง,"5,363",53.42,"4,677",46.58,"4,257",49.8,"4,292",50.2
,บานธ,"3,935",35.41,"7,178",64.59,"3,299",32.14,"6,967",67.86
,บานโฮ่ง,"12,903",52.28,"11,776",47.72,"11,060",48.69,"11,654",51.31
,ปาซาง,"15,561",48.26,"16,686",51.74,"13,540",45.52,"16,204",54.48
,เมองลาพน,"36,464",45.21,"44,199",54.79,"31,683",41.99,"43,778",58.01
,แมทา,"10,289",47.04,"11,586",52.96,"8,717",44.05,"11,071",55.95
,ล้ี,"19,139",56.64,"14,653",43.36,"16,416",53.67,"14,170",46.33
,เวยีงหนองล่อง,"4,478",41.76,"6,245",58.24,"3,860",38.96,"6,048",61.04
,นอกเขตจงหวดั ลาพน,"1,363",52,"1,258",48,"1,235",47.39,"1,371",52.61
ลําพูน ผลรวม,"109,495",48.08,"118,258",51.92,"94,067",44.87,"115,555",55.13,
เลย,เชยงคาน,"15,093",53.62,"13,053",46.38,"12,818",49.06,"13,310",50.94
ด่านซ้าย,"16,365",65.81,"8,502",34.19,"13,869",70.73,"5,738",29.27,
ทาล่ี,"6,798",50.92,"6,552",49.08,"5,790",47.82,"6,317",52.18,
จงหวด,อําเภอ/เขต,ประเดนท ่1 รํางรฐธรรมนูญ,ประเดนท ่2 คําถํามเพ่ิมเตม,,,,,,
,เหนชอบ,รอยละ,ไมเหนชอบ,รอยละ,เหนชอบ,รอยละ,ไมเหนชอบ,รอยละ,
,นาด้วง,"5,177",45.66,"6,160",54.34,"4,244",40.53,"6,227",59.47
,นาแหว,"3,800",64.19,"2,120",35.81,"3,173",58.76,"2,227",41.24
,ปากชม,"9,282",52.5,"8,399",47.5,"7,802",48.58,"8,259",51.42
,ผาขาว,"7,780",47.37,"8,644",52.63,"6,723",43.78,"8,633",56.22
,ภกระดึง,"6,742",48.46,"7,171",51.54,"5,768",44.69,"7,139",55.31
,ภเรือ,"6,362",56.18,"4,963",43.82,"5,286",50.51,"5,180",49.49
,ภหลวง,"5,623",49.1,"5,828",50.9,"4,748",34.69,"8,937",65.31
,เมองเลย,"35,978",59.31,"24,683",40.69,"31,344",55.23,"25,407",44.77
,วงัสะพง,"27,275",52.42,"24,760",47.58,"23,153",48.1,"24,984",51.9
,หนองหน,"5,610",52.96,"4,982",47.04,"4,859",49.15,"5,027",50.85
,เอราวณั,"5,856",43.01,"7,759",56.99,"4,897",38.72,"7,751",61.28
,นอกเขตจงหวดั เลย,653,67.53,314,32.47,585,60.37,384,39.63
เลย ผลรวม,"158,394",54.19,"133,890",45.81,"135,059",49.91,"135,520",50.09,
ศรีสะเกษ,กนทรลักษ,"39,828",51.75,"37,140",48.25,"33,756",47.62,"37,131",52.38
,กนทรารมย,"17,191",42.75,"23,026",57.25,"14,203",37.41,"23,762",62.59
,ขขนธ,"22,222",38.91,"34,885",61.09,"18,828",35.13,"34,774",64.87
,ขนหาญ,"17,715",43.87,"22,670",56.13,"14,709",39.59,"22,445",60.41
,นาเกล้ียง,"6,062",36.54,"10,526",63.46,"5,090",33.24,"10,222",66.76
,โนนคูณ,"5,657",35.08,"10,468",64.92,"4,516",30.08,"10,499",69.92
,บงบรพ,"1,775",39.66,"2,701",60.34,"1,418",33.83,"2,774",66.17
,เบญจลักษ,"6,497",43.56,"8,419",56.44,"5,536",39.5,"8,480",60.5
,ปรางค์ก,"9,071",37.3,"15,247",62.7,"7,608",33.39,"15,175",66.61
,พยห,"4,952",37.44,"8,276",62.56,"4,013",33.01,"8,144",66.99
,โพธศรีสุวรรณ,"3,100",33.97,"6,026",66.03,"2,598",30.58,"5,897",69.42
,ไพรบง,"7,145",39.34,"11,019",60.66,"5,944",34.97,"11,051",65.03
,ภสิงห,"7,588",39.57,"11,590",60.43,"6,319",35.83,"11,317",64.17
,เมองจนทร์,"2,645",38.78,"4,176",61.22,"2,196",35.24,"4,035",64.76
,เมองศรีสะเกษ,"31,234",51.2,"29,773",48.8,"26,709",46.84,"30,308",53.16
,ยางชมนอย,"7,170",45.56,"8,566",54.44,"5,908",40.54,"8,666",59.46
,ราษไศล,"12,238",36.91,"20,919",63.09,"9,913",32.19,"20,880",67.81
,วงัหน,"6,387",32.14,"13,487",67.86,"5,211",27.96,"13,424",72.04
,ศรีรัตนะ,"7,490",39.09,"11,670",60.91,"6,140",35.07,"11,369",64.93
,ศิลาลาด,"2,547",32.59,"5,269",67.41,"2,129",28.93,"5,229",71.07
,หวยทบทน,"5,579",37.22,"9,411",62.78,"4,780",34.03,"9,268",65.97
,อทมพรพสัย,"17,386",41.12,"24,900",58.88,"14,743",36.96,"25,150",63.04
,นอกเขตจงหวดั ศรีสะเกษ,"3,020",72.42,"1,150",27.58,"2,734",66.8,"1,359",33.2
ศรสะเกษ ผลรวม,"244,499",42.46,"331,314",57.54,"205,001",38.22,"331,359",61.78,
สกลนคร,กดบาก,"7,645",57.97,"5,542",42.03,"6,280",52.39,"5,708",47.61
กสุมาลย,"8,528",51.41,"8,061",48.59,"7,202",46.3,"8,352",53.7,
คาตากล้า,"5,524",39.09,"8,607",60.91,"4,605",34.66,"8,683",65.34,
โคกศรีสุพรรณ,"7,303",46.66,"8,347",53.34,"6,086",40.99,"8,763",59.01,
จงหวด,อําเภอ/เขต,ประเดนท ่1 รํางรฐธรรมนูญ,ประเดนท ่2 คําถํามเพ่ิมเตม,,,,,,
,เหนชอบ,รอยละ,ไมเหนชอบ,รอยละ,เหนชอบ,รอยละ,ไมเหนชอบ,รอยละ,
,เจริญศิลป,"6,874",42.74,"9,208",57.26,"5,726",37.44,"9,568",62.56
,เต่างอย,"5,439",51.03,"5,220",48.97,"4,583",46.71,"5,228",53.29
,นคมนาอน,"3,333",54.27,"2,808",45.73,"2,764",47.56,"3,048",52.44
,บานมวง,"10,895",42.72,"14,607",57.28,"9,090",37.72,"15,006",62.28
,พรรณานคม,"16,385",48.28,"17,551",51.72,"13,944",43.53,"18,088",56.47
,พงโคน,"10,526",50.36,"10,376",49.64,"8,862",44.49,"11,057",55.51
,โพนนาแกว,"6,980",48.83,"7,315",51.17,"5,928",44.24,"7,471",55.76
,ภพาน,"7,280",52.29,"6,642",47.71,"6,088",46.45,"7,018",53.55
,เมองสกลนคร,"43,031",52.4,"39,082",47.6,"37,417",47.94,"40,639",52.06
,วานรนวาส,"21,718",46.03,"25,468",53.97,"17,785",39.76,"26,946",60.24
,วาริชภม,"10,304",45.58,"12,304",54.42,"8,603",39.95,"12,932",60.05
,สวา่งแดนดิน,"26,021",44.4,"32,581",55.6,"22,314",40.06,"33,387",59.94
,ส่องดาว,"5,240",40.86,"7,583",59.14,"4,298",35.86,"7,689",64.14
,อากาศอานวย,"13,954",48.28,"14,946",51.72,"11,478",42.05,"15,818",57.95
,นอกเขตจงหวดั สกลนคร,392,61.15,249,38.85,338,53.14,298,46.86
สกลนคร ผลรวม,"217,372",47.89,"236,497",52.11,"183,391",42.74,"245,699",57.26,
สงขลา,กระแสสินธ,"6,420",85.94,"1,050",14.06,"5,907",84.35,"1,096",15.65
,คลองหอยโขง,"11,398",88.84,"1,432",11.16,"10,619",86.52,"1,655",13.48
,ควนเนยง,"13,898",87.45,"1,995",12.55,"12,899",85.55,"2,178",14.45
,จะนะ,"32,749",65.95,"16,911",34.05,"30,576",64.18,"17,065",35.82
,เทพา,"22,668",66.27,"11,540",33.73,"21,121",64.25,"11,751",35.75
,นาทว,"24,474",77.2,"7,228",22.8,"22,980",75.58,"7,424",24.42
,นาหมอม,"10,830",90.34,"1,158",9.66,"10,248",88.64,"1,314",11.36
,บางกล่า,"12,328",85.22,"2,138",14.78,"11,528",83.52,"2,275",16.48
,เมองสงขลา,"63,601",89.25,"7,657",10.75,"60,426",87.09,"8,960",12.91
,ระโนด,"25,270",87.33,"3,665",12.67,"23,402",85.4,"4,001",14.6
,รัตภม,"27,400",85.57,"4,619",14.43,"25,251",83.24,"5,085",16.76
,สทงพระ,"20,464",89.24,"2,467",10.76,"18,999",87.14,"2,804",12.86
,สะเดา,"40,198",83.12,"8,164",16.88,"37,930",81.3,"8,722",18.7
,สะบายอย,"16,463",53.55,"14,282",46.45,"15,516",52.12,"14,252",47.88
,สิงหนคร,"31,005",86.32,"4,912",13.68,"28,933",84.34,"5,372",15.66
,หาดใหญ,"144,687",88.26,"19,250",11.74,"136,933",86.11,"22,089",13.89
,นอกเขตจงหวดั สงขลา,"2,899",78.06,815,21.94,"2,691",72.73,"1,009",27.27
สงขลํา ผลรวม,"506,752",82.26,"109,283",17.74,"475,959",80.26,"117,052",19.74,
สตูล,ควนกาหลง,"12,067",77.07,"3,591",22.93,"11,270",74.05,"3,949",25.95
ควนโดน,"7,022",59.81,"4,719",40.19,"6,416",57.37,"4,767",42.63,
ทาแพ,"7,412",59.17,"5,115",40.83,"6,693",56.13,"5,231",43.87,
ทง่หวา้,"7,755",76.65,"2,362",23.35,"7,137",73.02,"2,637",26.98,
มะนง,"5,700",81.25,"1,315",18.75,"5,256",78.38,"1,450",21.62,
เมองสตูล,"30,997",71.8,"12,173",28.2,"28,737",69.35,"12,703",30.65,
ละงู,"20,505",67.98,"9,657",32.02,"18,380",63.95,"10,360",36.05,
จงหวด,อําเภอ/เขต,ประเดนท ่1 รํางรฐธรรมนูญ,ประเดนท ่2 คําถํามเพ่ิมเตม,,,,,,
,เหนชอบ,รอยละ,ไมเหนชอบ,รอยละ,เหนชอบ,รอยละ,ไมเหนชอบ,รอยละ,
,นอกเขตจงหวดั สตูล,377,87.47,54,12.53,348,81.88,77,18.12
สตล ผลรวม,"91,835",70.2,"38,986",29.8,"84,237",67.17,"41,174",32.83,
สมทรปราการ,บางบอ,"25,784",68.34,"11,947",31.66,"23,316",64.95,"12,580",35.05
,บางพลี,"61,096",67.4,"29,553",32.6,"56,724",63.99,"31,918",36.01
,บางเสาธง,"18,073",64.53,"9,933",35.47,"16,637",60.94,"10,664",39.06
,พระประแดง,"47,970",63.75,"27,279",36.25,"44,107",60.55,"28,742",39.45
,พระสมทรเจดีย,"30,758",64.1,"17,230",35.9,"28,229",60.61,"18,345",39.39
,เมองสมทรปราการ,"129,553",65.42,"68,482",34.58,"120,564",62.23,"73,170",37.77
,นอกเขตจงหวดั สมทรปราการ,"5,337",61.27,"3,374",38.73,"4,778",55.31,"3,861",44.69
สมทรปรํากําร ผลรวม,"318,571",65.5,"167,798",34.5,"294,355",62.15,"179,280",37.85,
สมทรสงคราม,บางคนท,"11,639",77.96,"3,291",22.04,"10,560",74.44,"3,626",25.56
,เมองสมทรสงคราม,"33,126",77.7,"9,506",22.3,"30,633",74.74,"10,351",25.26
,อมพวา,"17,805",76.7,"5,410",23.3,"16,281",73.02,"6,015",26.98
,นอกเขตจงหวดั สมทรสงคราม,378,67.99,178,32.01,336,60.65,218,39.35
สมทรสงครําม ผลรวม,"62,948",77.4,"18,385",22.6,"57,810",74.1,"20,210",25.9,
สมทรสาคร,กระทม่แบน,"44,918",67.51,"21,619",32.49,"41,691",64.36,"23,088",35.64
,บานแพว,"31,153",77.53,"9,028",22.47,"28,757",74.73,"9,722",25.27
,เมองสมทรสาคร,"74,322",72.95,"27,559",27.05,"68,566",69.64,"29,898",30.36
,นอกเขตจงหวดั สมทรสาคร,"2,072",68.5,953,31.5,"1,887",63.22,"1,098",36.78
สมทรสําคร ผลรวม,"152,465",72.05,"59,159",27.95,"140,901",68.83,"63,806",31.17,
สระแกว,เขาฉกรรจ,"19,579",80.04,"4,883",19.96,"17,849",75.45,"5,807",24.55
,คลองหาด,"10,684",67.27,"5,198",32.73,"9,216",62.49,"5,532",37.51
,โคกสูง,"5,557",55.95,"4,375",44.05,"4,846",52.37,"4,408",47.63
,ตาพระยา,"13,274",65.08,"7,124",34.92,"12,042",62.92,"7,097",37.08
,เมองสระแกว,"31,787",74.97,"10,611",25.03,"28,486",71.68,"11,255",28.32
,วงันาเยน,"18,988",74.31,"6,564",25.69,"17,219",70.69,"7,138",29.31
,วงัสมบรณ์,"9,953",72.48,"3,779",27.52,"9,011",69.71,"3,916",30.29
,วฒันานคร,"20,855",66.55,"10,482",33.45,"18,458",63.03,"10,825",36.97
,อรัญประเทศ,"25,391",71.21,"10,266",28.79,"22,759",67.88,"10,769",32.12
,นอกเขตจงหวดั สระแกว,887,72.59,335,27.41,803,66.31,408,33.69
สระแก้ว ผลรวม,"156,955",71.16,"63,617",28.84,"140,689",67.69,"67,155",32.31,
สระบรี,แกงคอย,"29,415",66.31,"14,948",33.69,"26,645",63.69,"15,193",36.31
เฉลิมพระเกยรติ,"10,921",67.81,"5,184",32.19,"9,721",64.58,"5,332",35.42,
ดอนพด,"1,780",50.21,"1,765",49.79,"1,528",45.89,"1,802",54.11,
บานหมอ,"11,940",60.83,"7,690",39.17,"10,783",57.91,"7,837",42.09,
พระพทธบาท,"17,103",67.07,"8,399",32.93,"15,565",64.31,"8,639",35.69,
มวกเหล็ก,"14,497",65.61,"7,598",34.39,"12,989",62.72,"7,722",37.28,
เมองสระบรี,"40,545",73.99,"14,256",26.01,"37,762",71.36,"15,155",28.64,
วงัมวง,"5,964",70.83,"2,456",29.17,"5,432",67.6,"2,603",32.4,
วหิารแดง,"11,602",68.8,"5,262",31.2,"10,424",66.37,"5,281",33.63,
เสาไห,"11,173",65.98,"5,760",34.02,"10,217",63.66,"5,833",36.34,
จงหวด,อําเภอ/เขต,ประเดนท ่1 รํางรฐธรรมนูญ,ประเดนท ่2 คําถํามเพ่ิมเตม,,,,,,
,เหนชอบ,รอยละ,ไมเหนชอบ,รอยละ,เหนชอบ,รอยละ,ไมเหนชอบ,รอยละ,
,นอกเขตจงหวดั สตูล,377,87.47,54,12.53,348,81.88,77,18.12
สตล ผลรวม,"91,835",70.2,"38,986",29.8,"84,237",67.17,"41,174",32.83,
สมทรปราการ,บางบอ,"25,784",68.34,"11,947",31.66,"23,316",64.95,"12,580",35.05
,บางพลี,"61,096",67.4,"29,553",32.6,"56,724",63.99,"31,918",36.01
,บางเสาธง,"18,073",64.53,"9,933",35.47,"16,637",60.94,"10,664",39.06
,พระประแดง,"47,970",63.75,"27,279",36.25,"44,107",60.55,"28,742",39.45
,พระสมทรเจดีย,"30,758",64.1,"17,230",35.9,"28,229",60.61,"18,345",39.39
,เมองสมทรปราการ,"129,553",65.42,"68,482",34.58,"120,564",62.23,"73,170",37.77
,นอกเขตจงหวดั สมทรปราการ,"5,337",61.27,"3,374",38.73,"4,778",55.31,"3,861",44.69
สมทรปรํากําร ผลรวม,"318,571",65.5,"167,798",34.5,"294,355",62.15,"179,280",37.85,
สมทรสงคราม,บางคนท,"11,639",77.96,"3,291",22.04,"10,560",74.44,"3,626",25.56
,เมองสมทรสงคราม,"33,126",77.7,"9,506",22.3,"30,633",74.74,"10,351",25.26
,อมพวา,"17,805",76.7,"5,410",23.3,"16,281",73.02,"6,015",26.98
,นอกเขตจงหวดั สมทรสงคราม,378,67.99,178,32.01,336,60.65,218,39.35
สมทรสงครําม ผลรวม,"62,948",77.4,"18,385",22.6,"57,810",74.1,"20,210",25.9,
สมทรสาคร,กระทม่แบน,"44,918",67.51,"21,619",32.49,"41,691",64.36,"23,088",35.64
,บานแพว,"31,153",77.53,"9,028",22.47,"28,757",74.73,"9,722",25.27
,เมองสมทรสาคร,"74,322",72.95,"27,559",27.05,"68,566",69.64,"29,898",30.36
,นอกเขตจงหวดั สมทรสาคร,"2,072",68.5,953,31.5,"1,887",63.22,"1,098",36.78
สมทรสําคร ผลรวม,"152,465",72.05,"59,159",27.95,"140,901",68.83,"63,806",31.17,
สระแกว,เขาฉกรรจ,"19,579",80.04,"4,883",19.96,"17,849",75.45,"5,807",24.55
,คลองหาด,"10,684",67.27,"5,198",32.73,"9,216",62.49,"5,532",37.51
,โคกสูง,"5,557",55.95,"4,375",44.05,"4,846",52.37,"4,408",47.63
,ตาพระยา,"13,274",65.08,"7,124",34.92,"12,042",62.92,"7,097",37.08
,เมองสระแกว,"31,787",74.97,"10,611",25.03,"28,486",71.68,"11,255",28.32
,วงันาเยน,"18,988",74.31,"6,564",25.69,"17,219",70.69,"7,138",29.31
,วงัสมบรณ์,"9,953",72.48,"3,779",27.52,"9,011",69.71,"3,916",30.29
,วฒันานคร,"20,855",66.55,"10,482",33.45,"18,458",63.03,"10,825",36.97
,อรัญประเทศ,"25,391",71.21,"10,266",28.79,"22,759",67.88,"10,769",32.12
,นอกเขตจงหวดั สระแกว,887,72.59,335,27.41,803,66.31,408,33.69
สระแก้ว ผลรวม,"156,955",71.16,"63,617",28.84,"140,689",67.69,"67,155",32.31,
สระบรี,แกงคอย,"29,415",66.31,"14,948",33.69,"26,645",63.69,"15,193",36.31
เฉลิมพระเกยรติ,"10,921",67.81,"5,184",32.19,"9,721",64.58,"5,332",35.42,
ดอนพด,"1,780",50.21,"1,765",49.79,"1,528",45.89,"1,802",54.11,
บานหมอ,"11,940",60.83,"7,690",39.17,"10,783",57.91,"7,837",42.09,
พระพทธบาท,"17,103",67.07,"8,399",32.93,"15,565",64.31,"8,639",35.69,
มวกเหล็ก,"14,497",65.61,"7,598",34.39,"12,989",62.72,"7,722",37.28,
เมองสระบรี,"40,545",73.99,"14,256",26.01,"37,762",71.36,"15,155",28.64,
วงัมวง,"5,964",70.83,"2,456",29.17,"5,432",67.6,"2,603",32.4,
วหิารแดง,"11,602",68.8,"5,262",31.2,"10,424",66.37,"5,281",33.63,
เสาไห,"11,173",65.98,"5,760",34.02,"10,217",63.66,"5,833",36.34,
จงหวด,อําเภอ/เขต,ประเดนท ่1 รํางรฐธรรมนูญ,ประเดนท ่2 คําถํามเพ่ิมเตม,,,,,,
,เหนชอบ,รอยละ,ไมเหนชอบ,รอยละ,เหนชอบ,รอยละ,ไมเหนชอบ,รอยละ,
,หนองแค,"29,122",68.64,"13,305",31.36,"26,344",65.15,"14,089",34.85
,หนองแซง,"4,598",54.49,"3,840",45.51,"4,066",51.27,"3,865",48.73
,หนองโดน,"3,686",53.6,"3,191",46.4,"3,361",50.96,"3,235",49.04
,นอกเขตจงหวดั สระบรี,"1,340",70.16,570,29.84,"1,248",65.58,655,34.42
สระบร ผลรวม,"193,686",67.27,"94,224",32.73,"176,085",64.42,"97,241",35.58,
สิงหบรี,ค่ายบางระจน,"7,127",56.03,"5,594",43.97,"6,382",53.72,"5,499",46.28
,ทาชาง,"4,183",60.97,"2,678",39.03,"3,789",57.63,"2,786",42.37
,บางระจน,"7,998",48.9,"8,357",51.1,"6,980",45.28,"8,435",54.72
,พรหมบรี,"6,280",58.84,"4,393",41.16,"5,693",56.5,"4,383",43.5
,เมองสิงหบรี,"16,779",67.59,"8,047",32.41,"15,256",64.56,"8,376",35.44
,อนทร์บรี,"13,832",56.48,"10,660",43.52,"12,181",53.12,"10,751",46.88
,นอกเขตจงหวดั สิงหบรี,247,68.99,111,31.01,229,63.97,129,36.03
สงหบร ผลรวม,"56,446",58.62,"39,840",41.38,"50,510",55.59,"40,359",44.41,
สุโขทย,กงไกรลาศ,"21,082",68.25,"9,806",31.75,"18,366",63.95,"10,352",36.05
,คีรีมาศ,"19,321",76.55,"5,919",23.45,"17,188",72.54,"6,505",27.46
,ทง่เสล่ียม,"14,710",69.99,"6,307",30.01,"12,950",67.12,"6,345",32.88
,บานด่านลานหอย,"12,354",66.02,"6,359",33.98,"10,347",60.74,"6,689",39.26
,เมองสุโขทย,"34,119",74.69,"11,560",25.31,"30,632",71.12,"12,441",28.88
,ศรีนคร,"7,334",62.34,"4,430",37.66,"6,563",58.28,"4,698",41.72
,ศรีสัชนาลัย,"28,502",68.04,"13,388",31.96,"25,190",64.94,"13,600",35.06
,ศรีสาโรง,"22,875",67.74,"10,895",32.26,"19,735",62.36,"11,914",37.64
,สวรรคโลก,"27,684",71.55,"11,007",28.45,"24,889",67.99,"11,720",32.01
,นอกเขตจงหวดั สุโขทย,627,77.03,187,22.97,557,68.94,251,31.06
สโขทย ผลรวม,"188,608",70.25,"79,858",29.75,"166,417",66.32,"84,515",33.68,
สุพรรณบรี,ดอนเจดีย,"11,182",55.61,"8,927",44.39,"9,905",52.31,"9,029",47.69
,ด่านชาง,"17,469",62.95,"10,281",37.05,"15,576",59.95,"10,404",40.05
,เดิมบางนางบวช,"18,678",55.19,"15,163",44.81,"16,577",52.7,"14,878",47.3
,บางปลามา,"19,616",60.63,"12,736",39.37,"17,548",57.08,"13,197",42.92
,เมองสุพรรณบรี,"49,921",66.94,"24,650",33.06,"45,009",63.42,"25,956",36.58
,ศรีประจนต์,"16,057",54.92,"13,180",45.08,"14,303",52.1,"13,148",47.9
,สองพน่อง,"32,925",63.42,"18,988",36.58,"29,138",59.68,"19,688",40.32
,สามชก,"12,903",54.38,"10,826",45.62,"11,355",50.99,"10,912",49.01
,หนองหญาไซ,"10,976",48.91,"11,465",51.09,"9,436",45,"11,533",55
,อทอง,"32,881",65.43,"17,374",34.57,"29,247",61.98,"17,937",38.02
,นอกเขตจงหวดั สุพรรณบรี,506,70.87,208,29.13,453,63.98,255,36.02
สพรรณบร ผลรวม,"223,114",60.81,"143,798",39.19,"198,547",57.47,"146,937",42.53,
สุราษฎร์ธาน,กาญจนดิษฐ์,"37,681",86.4,"5,932",13.6,"34,843",83.36,"6,955",16.64
เกาะพะงัน,"5,866",89.74,671,10.26,"5,519",86.83,837,13.17,
เกาะสมย,"18,182",88.81,"2,292",11.19,"17,496",87.11,"2,588",12.89,
คีรีรัฐนคม,"16,907",87.31,"2,457",12.69,"15,801",84.1,"2,988",15.9,
เคียนซา,"18,460",85.78,"3,059",14.22,"17,330",82.75,"3,612",17.25,
จงหวด,อําเภอ/เขต,ประเดนท ่1 รํางรฐธรรมนูญ,ประเดนท ่2 คําถํามเพ่ิมเตม,,,,,,
,เหนชอบ,รอยละ,ไมเหนชอบ,รอยละ,เหนชอบ,รอยละ,ไมเหนชอบ,รอยละ,
,หนองแค,"29,122",68.64,"13,305",31.36,"26,344",65.15,"14,089",34.85
,หนองแซง,"4,598",54.49,"3,840",45.51,"4,066",51.27,"3,865",48.73
,หนองโดน,"3,686",53.6,"3,191",46.4,"3,361",50.96,"3,235",49.04
,นอกเขตจงหวดั สระบรี,"1,340",70.16,570,29.84,"1,248",65.58,655,34.42
สระบร ผลรวม,"193,686",67.27,"94,224",32.73,"176,085",64.42,"97,241",35.58,
สิงหบรี,ค่ายบางระจน,"7,127",56.03,"5,594",43.97,"6,382",53.72,"5,499",46.28
,ทาชาง,"4,183",60.97,"2,678",39.03,"3,789",57.63,"2,786",42.37
,บางระจน,"7,998",48.9,"8,357",51.1,"6,980",45.28,"8,435",54.72
,พรหมบรี,"6,280",58.84,"4,393",41.16,"5,693",56.5,"4,383",43.5
,เมองสิงหบรี,"16,779",67.59,"8,047",32.41,"15,256",64.56,"8,376",35.44
,อนทร์บรี,"13,832",56.48,"10,660",43.52,"12,181",53.12,"10,751",46.88
,นอกเขตจงหวดั สิงหบรี,247,68.99,111,31.01,229,63.97,129,36.03
สงหบร ผลรวม,"56,446",58.62,"39,840",41.38,"50,510",55.59,"40,359",44.41,
สุโขทย,กงไกรลาศ,"21,082",68.25,"9,806",31.75,"18,366",63.95,"10,352",36.05
,คีรีมาศ,"19,321",76.55,"5,919",23.45,"17,188",72.54,"6,505",27.46
,ทง่เสล่ียม,"14,710",69.99,"6,307",30.01,"12,950",67.12,"6,345",32.88
,บานด่านลานหอย,"12,354",66.02,"6,359",33.98,"10,347",60.74,"6,689",39.26
,เมองสุโขทย,"34,119",74.69,"11,560",25.31,"30,632",71.12,"12,441",28.88
,ศรีนคร,"7,334",62.34,"4,430",37.66,"6,563",58.28,"4,698",41.72
,ศรีสัชนาลัย,"28,502",68.04,"13,388",31.96,"25,190",64.94,"13,600",35.06
,ศรีสาโรง,"22,875",67.74,"10,895",32.26,"19,735",62.36,"11,914",37.64
,สวรรคโลก,"27,684",71.55,"11,007",28.45,"24,889",67.99,"11,720",32.01
,นอกเขตจงหวดั สุโขทย,627,77.03,187,22.97,557,68.94,251,31.06
สโขทย ผลรวม,"188,608",70.25,"79,858",29.75,"166,417",66.32,"84,515",33.68,
สุพรรณบรี,ดอนเจดีย,"11,182",55.61,"8,927",44.39,"9,905",52.31,"9,029",47.69
,ด่านชาง,"17,469",62.95,"10,281",37.05,"15,576",59.95,"10,404",40.05
,เดิมบางนางบวช,"18,678",55.19,"15,163",44.81,"16,577",52.7,"14,878",47.3
,บางปลามา,"19,616",60.63,"12,736",39.37,"17,548",57.08,"13,197",42.92
,เมองสุพรรณบรี,"49,921",66.94,"24,650",33.06,"45,009",63.42,"25,956",36.58
,ศรีประจนต์,"16,057",54.92,"13,180",45.08,"14,303",52.1,"13,148",47.9
,สองพน่อง,"32,925",63.42,"18,988",36.58,"29,138",59.68,"19,688",40.32
,สามชก,"12,903",54.38,"10,826",45.62,"11,355",50.99,"10,912",49.01
,หนองหญาไซ,"10,976",48.91,"11,465",51.09,"9,436",45,"11,533",55
,อทอง,"32,881",65.43,"17,374",34.57,"29,247",61.98,"17,937",38.02
,นอกเขตจงหวดั สุพรรณบรี,506,70.87,208,29.13,453,63.98,255,36.02
สพรรณบร ผลรวม,"223,114",60.81,"143,798",39.19,"198,547",57.47,"146,937",42.53,
สุราษฎร์ธาน,กาญจนดิษฐ์,"37,681",86.4,"5,932",13.6,"34,843",83.36,"6,955",16.64
เกาะพะงัน,"5,866",89.74,671,10.26,"5,519",86.83,837,13.17,
เกาะสมย,"18,182",88.81,"2,292",11.19,"17,496",87.11,"2,588",12.89,
คีรีรัฐนคม,"16,907",87.31,"2,457",12.69,"15,801",84.1,"2,988",15.9,
เคียนซา,"18,460",85.78,"3,059",14.22,"17,330",82.75,"3,612",17.25,
จงหวด,อําเภอ/เขต,ประเดนท ่1 รํางรฐธรรมนูญ,ประเดนท ่2 คําถํามเพ่ิมเตม,,,,,,
,เหนชอบ,รอยละ,ไมเหนชอบ,รอยละ,เหนชอบ,รอยละ,ไมเหนชอบ,รอยละ,
,ชยบรี,"11,278",88.32,"1,492",11.68,"10,513",85.06,"1,846",14.94
,ไชยา,"19,804",88.66,"2,533",11.34,"18,590",85.99,"3,028",14.01
,ดอนสัก,"12,910",87.51,"1,842",12.49,"11,997",84.63,"2,178",15.37
,ทาฉาง,"12,670",87.1,"1,877",12.9,"11,769",83.82,"2,271",16.18
,ทาชนะ,"20,406",87.56,"2,900",12.44,"19,062",84.35,"3,536",15.65
,บานตาขน,"5,819",88.23,776,11.77,"5,345",83.99,"1,019",16.01
,บานนาเดิม,"9,306",87.39,"1,343",12.61,"8,671",84.59,"1,580",15.41
,บานนาสาร,"26,245",87.37,"3,795",12.63,"24,279",84.52,"4,448",15.48
,พนม,"14,336",87.01,"2,141",12.99,"13,248",82.86,"2,740",17.14
,พระแสง,"25,897",87.98,"3,537",12.02,"24,235",84.76,"4,357",15.24
,พนพน,"32,764",84.59,"5,971",15.41,"30,359",81.26,"7,000",18.74
,เมองสุราษฎร์ธาน,"57,951",88.01,"7,898",11.99,"54,533",84.91,"9,693",15.09
,วภิาวดี,"5,779",88,788,12,"5,220",83.79,"1,010",16.21
,เวยีงสระ,"24,131",87.65,"3,400",12.35,"22,589",84.91,"4,014",15.09
,นอกเขตจงหวดั สุราษฎร์ธาน,"1,236",81.75,276,18.25,"1,159",76.91,348,23.09
สรําษฎรธํานี ผลรวม,"377,628",87.29,"54,980",12.71,"352,558",84.22,"66,048",15.78,
สุรินทร์,กาบเชง,"9,840",45.21,"11,925",54.79,"8,369",40.67,"12,210",59.33
,เขวาสินรินทร์,"7,022",47.98,"7,613",52.02,"6,088",43.21,"8,002",56.79
,จอมพระ,"9,805",41.65,"13,736",58.35,"8,253",36.83,"14,153",63.17
,ชมพลบรี,"10,416",35.76,"18,714",64.24,"8,901",31.82,"19,076",68.18
,ทาตูม,"15,482",42.68,"20,792",57.32,"13,138",38.39,"21,081",61.61
,โนนนารายณ์,"4,705",40.03,"7,049",59.97,"3,760",35.08,"6,958",64.92
,บวเชด,"6,468",42.52,"8,744",57.48,"5,507",38.17,"8,922",61.83
,ปราสาท,"33,216",54.57,"27,648",45.43,"28,728",49.34,"29,491",50.66
,พนมดงรัก,"5,951",41.33,"8,449",58.67,"5,083",37.2,"8,582",62.8
,เมองสุรินทร์,"67,801",63.81,"38,452",36.19,"60,989",59.89,"40,851",40.11
,รัตนบรี,"13,867",41.95,"19,186",58.05,"11,730",37.94,"19,189",62.06
,ลาดวน,"6,503",50.89,"6,275",49.11,"5,588",46.77,"6,360",53.23
,ศรีณรงค์,"6,836",45.3,"8,255",54.7,"5,744",41.26,"8,179",58.74
,ศีขรภม,"22,627",47.11,"25,405",52.89,"19,801",43.95,"25,253",56.05
,สนม,"6,572",41.87,"9,126",58.13,"5,608",38.41,"8,994",61.59
,สังขะ,"23,185",48.69,"24,436",51.31,"19,986",44.45,"24,972",55.55
,สาโรงทาบ,"7,423",39.16,"11,533",60.84,"6,343",35.71,"11,418",64.29
,นอกเขตจงหวดั สุรินทร์,"1,949",77.1,579,22.9,"1,748",70.83,720,29.17
สรนทร ผลรวม,"259,668",49.22,"267,917",50.78,"225,364",45.09,"274,411",54.91,
หนองคาย,ทาบอ,"14,344",44.2,"18,106",55.8,"12,444",40.55,"18,243",59.45
เฝ้าไร่,"6,301",36.82,"10,811",63.18,"5,371",33.65,"10,591",66.35,
โพธตาก,"2,261",42.68,"3,037",57.32,"1,960",39.55,"2,996",60.45,
โพนพสัย,"13,386",38.15,"21,701",61.85,"11,390",35.22,"20,954",64.78,
เมองหนองคาย,"31,009",51.32,"29,410",48.68,"27,366",47.85,"29,826",52.15,
รัตนวาป,"4,763",35.64,"8,601",64.36,"3,949",31.81,"8,466",68.19,
จงหวด,อําเภอ/เขต,ประเดนท ่1 รํางรฐธรรมนูญ,ประเดนท ่2 คําถํามเพ่ิมเตม,,,,,,
,เหนชอบ,รอยละ,ไมเหนชอบ,รอยละ,เหนชอบ,รอยละ,ไมเหนชอบ,รอยละ,
,ศรีเชยงใหม,"4,696",43,"6,226",57,"4,003",39.44,"6,146",60.56
,สระใคร,"4,779",50.02,"4,775",49.98,"4,139",47.02,"4,664",52.98
,สังคม,"4,536",43.12,"5,983",56.88,"3,864",39.72,"5,863",60.28
,นอกเขตจงหวดั หนองคาย,482,68.27,224,31.73,438,63.11,256,36.89
หนองคําย ผลรวม,"86,557",44.29,"108,874",55.71,"74,924",40.96,"108,005",59.04,
หนองบวลาภ,นากลาง,"13,231",37.99,"21,596",62.01,"11,649",35.26,"21,384",64.74
,นาวงั,"5,642",38.48,"9,021",61.52,"4,816",35.21,"8,860",64.79
,โนนสัง,"8,632",35.42,"15,735",64.58,"7,443",32.58,"15,401",67.42
,เมองหนองบวลาภ,"24,006",43.59,"31,067",56.41,"20,842",40.26,"30,927",59.74
,ศรีบญเรือง,"16,336",40.12,"24,377",59.88,"14,095",37.16,"23,839",62.84
,สุวรรณคูหา,"9,022",37.52,"15,021",62.48,"7,769",34.47,"14,769",65.53
,นอกเขตจงหวดั หนองบวลาภ,298,67.88,141,32.12,269,61.28,170,38.72
หนองบวลําภ ผลรวม,"77,167",39.75,"116,958",60.25,"66,883",36.7,"115,350",63.3,
อางทอง,ไชโย,"6,592",64.91,"3,564",35.09,"5,929",61.86,"3,656",38.14
,ปาโมก,"7,007",59.19,"4,832",40.81,"6,323",56.13,"4,942",43.87
,โพธทอง,"13,570",56.99,"10,241",43.01,"12,097",54.06,"10,279",45.94
,เมองอางทอง,"15,092",63.85,"8,544",36.15,"13,697",60.69,"8,873",39.31
,วเิศษชยชาญ,"17,118",61.89,"10,541",38.11,"15,254",58.51,"10,817",41.49
,สามโก,"4,053",47.4,"4,497",52.6,"3,496",44.5,"4,361",55.5
,แสวงหา,"7,240",49.82,"7,291",50.18,"6,311",46.51,"7,259",53.49
,นอกเขตจงหวดั อางทอง,286,68.59,131,31.41,271,65.78,141,34.22
อ่ํางทอง ผลรวม,"70,958",58.84,"49,641",41.16,"63,378",55.74,"50,328",44.26,
อานาจเจริญ,ชานมาน,"8,282",48.53,"8,784",51.47,"7,121",44.77,"8,786",55.23
,ปทมราชวงศา,"11,386",56.24,"8,860",43.76,"9,868",51.91,"9,143",48.09
,พนา,"7,410",64.43,"4,091",35.57,"6,437",60.15,"4,264",39.85
,เมองอานาจเจริญ,"32,091",56.56,"24,651",43.44,"27,468",51.27,"26,112",48.73
,ลืออานาจ,"10,513",64.28,"5,842",35.72,"9,100",59.36,"6,230",40.64
,เสนางคนคม,"6,836",41.18,"9,765",58.82,"5,706",36.06,"10,118",63.94
,หวตะพาน,"10,554",50.73,"10,250",49.27,"9,052",46.13,"10,571",53.87
,นอกเขตจงหวดั อานาจเจริญ,242,70.14,103,29.86,224,65.12,120,34.88
อํานําจเจรญ ผลรวม,"87,314",54.69,"72,346",45.31,"74,976",49.88,"75,344",50.12,
อดรธาน,กดจบ,"9,724",35.78,"17,451",64.22,"8,286",33.08,"16,760",66.92
กมภวาป,"19,096",39.33,"29,453",60.67,"16,708",36.42,"29,164",63.58,
กแกว,"2,610",29.4,"6,269",70.6,"2,272",27.04,"6,130",72.96,
ไชยวาน,"5,588",38.32,"8,995",61.68,"4,768",35.17,"8,788",64.83,
ทง่ฝน,"3,544",30.57,"8,050",69.43,"2,955",27.63,"7,738",72.37,
นายง,"4,918",43.24,"6,455",56.76,"4,079",38.88,"6,411",61.12,
นาโสม,"8,915",40.02,"13,360",59.98,"7,682",36.4,"13,425",63.6,
โนนสะอาด,"9,987",47.58,"11,004",52.42,"8,660",43.46,"11,267",56.54,
บานดุง,"17,496",38.92,"27,458",61.08,"14,706",34.99,"27,319",65.01,
บานผือ,"16,696",38.07,"27,157",61.93,"14,424",34.94,"26,862",65.06,
จงหวด,อําเภอ/เขต,ประเดนท ่1 รํางรฐธรรมนูญ,ประเดนท ่2 คําถํามเพ่ิมเตม,,,,,,
,,เหนชอบ,รอยละ,ไมเหนชอบ,รอยละ,เหนชอบ,รอยละ,ไมเหนชอบ,รอยละ
,ประจกษศิลปาคม,"3,350",34.96,"6,232",65.04,"2,965",33.04,"6,009",66.96
,พบลยรักษ,"2,914",32.23,"6,127",67.77,"2,396",28.18,"6,106",71.82
,เพญ,"16,472",37.49,"27,461",62.51,"14,064",34.56,"26,632",65.44
,เมองอดรธาน,"75,398",47.49,"83,361",52.51,"67,404",44.8,"83,047",55.2
,วงัสามหมอ,"9,854",44.27,"12,406",55.73,"8,160",38.91,"12,813",61.09
,ศรีธาตุ,"9,592",43.88,"12,269",56.12,"8,199",39.67,"12,471",60.33
,สร้างคอม,"3,939",36.58,"6,830",63.42,"3,211",32.07,"6,802",67.93
,หนองววัซอ,"8,614",34.79,"16,143",65.21,"7,444",32.03,"15,800",67.97
,หนองแสง,"4,366",40.6,"6,389",59.4,"3,743",37.89,"6,136",62.11
,หนองหาน,"14,187",33.02,"28,776",66.98,"12,227",30.28,"28,158",69.72
,นอกเขตจงหวดั อดรธาน,832,66.61,417,33.39,731,59.38,500,40.62
อุดรธํานี ผลรวม,"248,092",40.66,"362,063",59.34,"215,084",37.51,"358,338",62.49,
อตรดิตถ,ตรอน,"7,283",45.87,"8,594",54.13,"6,354",42.61,"8,559",57.39
,ทองแสนขน,"8,436",59.55,"5,731",40.45,"7,353",56.77,"5,599",43.23
,ทาปลา,"11,915",68.25,"5,542",31.75,"10,425",64.6,"5,714",35.4
,นาปาด,"11,148",66.8,"5,541",33.2,"9,643",63.66,"5,504",36.34
,บานโคก,"3,639",57.35,"2,706",42.65,"3,052",52.02,"2,815",47.98
,พชย,"14,838",46.69,"16,941",53.31,"12,696",42.53,"17,158",57.47
,ฟากทา,"4,128",60.83,"2,658",39.17,"3,524",56.11,"2,756",43.89
,เมองอตรดิตถ,"44,823",67.01,"22,070",32.99,"39,936",63.55,"22,909",36.45
,ลับแล,"17,742",59.7,"11,977",40.3,"15,612",56.39,"12,072",43.61
,นอกเขตจงหวดั อตรดิตถ,404,64.54,222,35.46,351,56.16,274,43.84
อุตรดตถ์ ผลรวม,"124,356",60.27,"81,982",39.73,"108,946",56.65,"83,360",43.35,
อทยธาน,ทพทน,"11,907",70.93,"4,879",29.07,"10,548",67.44,"5,092",32.56
,บานไร่,"24,055",76.62,"7,339",23.38,"21,426",73.1,"7,883",26.9
,เมองอทยธาน,"18,080",78.09,"5,074",21.91,"16,425",74.54,"5,609",25.46
,ลานสัก,"16,435",71.99,"6,395",28.01,"14,933",68.87,"6,751",31.13
,สวา่งอารมณ์,"9,132",70.93,"3,743",29.07,"8,155",67.99,"3,839",32.01
,หนองขาหยาง,"6,000",77.76,"1,716",22.24,"5,410",74.03,"1,898",25.97
,หนองฉาง,"14,819",75.75,"4,743",24.25,"13,488",72.44,"5,131",27.56
,หวยคต,"6,100",74.25,"2,116",25.75,"5,397",70.19,"2,292",29.81
,นอกเขตจงหวดั อทยธาน,356,75.11,118,24.89,314,67.24,153,32.76
อุทยธํานี ผลรวม,"106,884",74.74,"36,123",25.26,"96,096",71.32,"38,648",28.68,
อบลราชธาน,กดขาวปน้,"8,336",50.46,"8,185",49.54,"6,660",42.37,"9,057",57.63
เขมราฐ,"16,564",56.91,"12,544",43.09,"14,204",52.85,"12,672",47.15,
เของใน,"25,292",59.11,"17,493",40.89,"21,684",54.11,"18,388",45.89,
โขงเจยม,"8,366",59.87,"5,607",40.13,"7,200",55.34,"5,810",44.66,
ดอนมดแดง,"7,131",60.98,"4,563",39.02,"6,123",55.24,"4,961",44.76,
เดชอดม,"35,561",51.78,"33,110",48.22,"29,886",46.78,"34,004",53.22,
ตระการพชผล,"28,880",57.76,"21,122",42.24,"24,133",51.92,"22,348",48.08,
ตาลสุม,"6,752",53.75,"5,811",46.25,"5,807",49.98,"5,811",50.02,
จงหวด,อําเภอ/เขต,ประเดนท ่1 รํางรฐธรรมนูญ,ประเดนท ่2 คําถํามเพ่ิมเตม,,,,,,
,,เหนชอบ,รอยละ,ไมเหนชอบ,รอยละ,เหนชอบ,รอยละ,ไมเหนชอบ,รอยละ
,ทง่ศรีอดม,"5,566",49.07,"5,776",50.93,"4,571",43.8,"5,866",56.2
นาจะหลวย,"9,256",41.48,"13,059",58.52,"7,738",37.32,"12,998",62.68,
นาตาล,"6,873",53.31,"6,020",46.69,"5,904",49.66,"5,984",50.34,
นาเยย,"5,292",50.13,"5,264",49.87,"4,486",45.76,"5,318",54.24,
นาขน,"6,001",47.38,"6,666",52.62,"4,905",42.16,"6,728",57.84,
นายน,"13,457",49.18,"13,908",50.82,"10,962",43.18,"14,423",56.82,
บณฑริก,"16,919",47.98,"18,347",52.02,"13,795",41.94,"19,094",58.06,
พบลมงสาหาร,"31,630",63.18,"18,437",36.82,"27,453",58.79,"19,240",41.21,
โพธไทร,"9,284",52.28,"8,475",47.72,"7,883",48.06,"8,520",51.94,
มวงสามสิบ,"22,468",60.89,"14,432",39.11,"19,053",54.43,"15,952",45.57,
เมองอบลราชธาน,"58,937",58.2,"42,330",41.8,"52,486",54.51,"43,796",45.49,
วารินชาราบ,"38,070",51.91,"35,262",48.09,"32,923",47.52,"36,353",52.48,
ศรีเมองใหม,"15,768",56.17,"12,303",43.83,"12,978",49.95,"13,002",50.05,
สวา่งวรีะวงศ์,"7,586",58.43,"5,398",41.57,"6,614",53.75,"5,692",46.25,
สาโรง,"10,859",42.16,"14,899",57.84,"8,837",36.17,"15,595",63.83,
สิรินธร,"10,668",56.5,"8,215",43.5,"9,067",52.08,"8,343",47.92,
เหล่าเสือโกก,"7,305",64.2,"4,073",35.8,"7,197",57.82,"5,251",42.18,
นอกเขตจงหวดั อบลราชธาน,"1,080",66.3,549,33.7,944,58.16,679,41.84,
อุบลรําชธํานี ผลรวม,"413,901",54.77,"341,848",45.23,"353,493",49.83,"355,885",50.17,
รวมทง้หมด,"16,820,402",61.35,"10,598,037",38.65,"15,132,050",58.07,"10,926,648",41.93,
